canonical_id,duration,event,sector,cost_original,planned_duration_months,sector_capped,log_cost
108841,0.5,0,Telecommunication,3742.0,58.0,Other,8.22764270790443
222253,0.5,0,Telecommunication,5008.0,54.0,Other,8.518991573357617
400005,1.0,1,PETROLEUM,4546.26,11.0,PETROLEUM,8.422280132748876
400006,1.0,1,Railways,808.99,48.0,Other,6.697021901911263
400010,5.0,1,CIVIL AVIATION,480.33,38.0,CIVIL AVIATION,6.176553105552927
400012,5.0,1,Energy Storage,10088.0,36.0,Other,9.219201000408379
400013,9.0,1,Telecommunication,26316.0,23.0,Other,10.177970397179921
400018,12.0,0,POWER,859.41,79.0,POWER,6.757409019827197
400019,1.0,1,POWER,492.76,95.0,POWER,6.202049569174796
400022,12.0,0,COAL,2798.16,96.0,COAL,7.937074651154293
400023,1.0,1,POWER,748.86,106.0,POWER,6.619886522439299
400033,12.0,0,CIVIL AVIATION,580.6,70.0,CIVIL AVIATION,6.3657829262193095
400035,2.0,1,PETROLEUM,656.0,38.0,PETROLEUM,6.48768401848461
400043,11.0,1,MINES,829.0,30.0,Other,6.721425700790643
400045,11.0,0,Oil & Gas,168.32,32.0,Oil & Gas,5.1317904156527225
400047,1.0,1,Railways,210.0,28.0,Other,5.351858133476067
400048,1.0,1,Railways,186.21,27.0,Other,5.232230981420177
400062,11.0,0,Electricity Generation,17673.0,52.0,Other,9.77984991207795
400065,1.0,1,Steel,1105.23,39.0,Other,7.0087131170626655
400073,12.0,0,POWER,799.34,122.0,POWER,6.685036637381008
400074,12.0,0,POWER,908.47,86.0,POWER,6.812862012257475
400077,1.0,1,MINES,827.0,30.0,Other,6.71901315438526
400078,5.0,1,COAL,9028.0,34.0,COAL,9.10819689830748
400087,8.0,1,COAL,885.63,54.0,COAL,6.787427758869102
400093,9.0,0,Telecommunication,1672.7,32.0,Other,7.422792023519593
400094,0.5,0,Telecommunication,759.94,44.0,Other,6.634554511126557
400095,9.0,0,Telecommunication,743.73,32.0,Other,6.613021736583588
400096,8.0,1,Telecommunication,648.09,56.0,Other,6.475571381974055
400102,1.0,1,Telecommunication,736.13,176.0,Other,6.602764267407719
400103,1.0,1,Telecommunication,1331.3,167.0,Other,7.1946620509661665
400105,1.0,1,Telecommunication,580.79,50.0,Other,6.366109557876259
400107,9.0,0,Telecommunication,2407.67,52.0,Other,7.786830006930021
400109,1.0,1,Telecommunication,848.07,26.0,Other,6.744141632853645
400112,9.0,0,Telecommunication,7222.95,122.0,Other,8.885157173699668
400115,1.0,1,Telecommunication,751.03,131.0,Other,6.622776216771132
400116,1.0,1,Telecommunication,1229.15,152.0,Other,7.11489139215053
400117,1.0,0,Telecommunication,741.38,128.0,Other,6.609861241453939
400119,2.0,1,"HEALTH AND
FAMILY
WELFARE",3190.69,28.0,Other,8.068305836058975
400120,1.0,1,"DEPARTMENT
OF HIGHER
EDUCATION",34012.0,51.0,"DEPARTMENT
OF HIGHER
EDUCATION",10.434498083461216
400121,12.0,0,STEEL,1043.63,35.0,Other,6.951418034716751
400136,11.0,0,Coal,2660.0,60.0,Other,7.886457270977689
400138,12.0,0,POWER,973.5,139.0,POWER,6.881924518947615
400139,12.0,0,POWER,625.4,139.0,POWER,6.439989144676593
400141,1.0,1,MINES,4103.0,76.0,Other,8.319717386850606
400142,12.0,0,POWER,2242.92,182.0,POWER,7.715979615383202
400144,12.0,0,"URBAN
DEVELOPMENT",2310.12,99.0,Other,7.74548753449964
400145,2.0,1,Coal,610.63,99.0,Other,6.41612752451967
400147,2.0,0,Coal,7612.33,115.0,Other,8.93765593727337
400148,12.0,0,CIVIL AVIATION,869.44,60.0,CIVIL AVIATION,6.768998830928092
400149,12.0,0,"URBAN
DEVELOPMENT",2309.8,103.0,Other,7.745349063907111
400150,12.0,0,POWER,7254.37,91.0,POWER,8.889497163328688
400151,12.0,0,POWER,778.8,92.0,POWER,6.659037476548497
400152,8.0,0,CIVIL AVIATION,1248.93,80.0,CIVIL AVIATION,7.130842828728288
400153,12.0,0,POWER,1020.42,86.0,POWER,6.928949094989139
400154,12.0,0,POWER,713.35,76.0,POWER,6.571373038311167
400155,3.0,1,POWER,2898.28,82.0,POWER,7.972217709286943
400156,12.0,0,POWER,5136.15,91.0,POWER,8.544253729963092
400158,4.0,0,Oil & Gas,1164.69,34.0,Oil & Gas,7.0610684653524896
400160,1.0,1,POWER,510.85,75.0,POWER,6.23803161336578
400162,1.0,1,CIVIL AVIATION,998.71,44.0,CIVIL AVIATION,6.907465236924006
400165,2.0,1,RAILWAYS,1693.81,94.0,RAILWAYS,7.435325919136224
400166,1.0,1,RAILWAYS,5194.96,97.0,RAILWAYS,8.555636679531451
400167,9.0,1,COAL,1162.56,109.0,COAL,7.059239549955923
400168,3.0,1,"HEALTH AND
FAMILY
WELFARE",8797.0,71.0,Other,9.082279701908664
400169,1.0,1,COAL,631.03,47.0,COAL,6.448936861374701
400171,2.0,1,PETROLEUM,1421.46,33.0,PETROLEUM,7.260143046097217
400172,4.0,1,POWER,513.98,91.0,POWER,6.244128064958184
400173,4.0,1,CIVIL AVIATION,888.99,64.0,CIVIL AVIATION,6.791210226708006
400174,1.0,1,STEEL,1034.01,31.0,Other,6.942166367488543
400177,1.0,1,CIVIL AVIATION,727.28,115.0,CIVIL AVIATION,6.590685589635764
400178,12.0,0,CIVIL AVIATION,822.88,85.0,CIVIL AVIATION,6.714024888236277
400179,0.5,0,Coal,3145.45,98.0,Other,8.054030112168554
400180,4.0,1,CIVIL AVIATION,570.12,55.0,CIVIL AVIATION,6.347599345194205
400181,12.0,0,CIVIL AVIATION,502.68,127.0,CIVIL AVIATION,6.221941145788984
400182,4.0,1,CIVIL AVIATION,535.18,106.0,CIVIL AVIATION,6.284469925591108
400183,12.0,0,RAILWAYS,3504.21,103.0,RAILWAYS,8.162005712081882
400185,1.0,1,RAILWAYS,6107.87,71.0,RAILWAYS,8.71749709234477
400186,12.0,0,CIVIL AVIATION,749.07,74.0,CIVIL AVIATION,6.620166535508405
400187,12.0,0,RAILWAYS,2434.75,106.0,RAILWAYS,7.798009996305451
400188,11.0,0,Real Estate,32850.0,55.0,Other,10.39973746484973
400192,11.0,0,Coal,1581.0,115.0,Other,7.366445148327599
400203,11.0,0,Railways,1686.22,117.0,Other,7.43083748305353
400204,12.0,0,POWER,4939.78,144.0,POWER,8.505278492454748
400205,12.0,0,POWER,371.77,115.0,POWER,5.920961607470378
400220,1.0,1,POWER,3055.0,65.0,POWER,8.024862150286411
400223,5.0,1,RAILWAYS,677.12,212.0,RAILWAYS,6.519324263429752
400231,12.0,0,RAILWAYS,27213.0,64.0,RAILWAYS,10.211486825750804
400232,12.0,0,POWER,296.51,204.0,POWER,5.695447837866143
400234,5.0,1,Oil & Gas,8975.0,91.0,Oil & Gas,9.102309627762478
400235,1.0,1,Energy Storage,676.89,23.0,Other,6.5189850328898515
400247,1.0,1,POWER,1000.0,116.0,POWER,6.90875477931522
400253,5.0,1,POWER,4803.16,431.0,POWER,8.47723748822394
400254,11.0,0,Oil & Gas,735.2,328.0,Oil & Gas,6.601501820944921
400259,3.0,1,COAL,17237.0,64.0,COAL,9.754871528207344
400261,1.0,1,PETROLEUM,17112.0,64.0,PETROLEUM,9.747593687577451
400271,1.0,1,POWER,3445.48,227.0,POWER,8.14510869932033
400273,12.0,0,POWER,1188.91,227.0,POWER,7.081632952993362
400275,12.0,0,RAILWAYS,3631.34,120.0,RAILWAYS,8.197632347674624
400277,1.0,1,POWER,8964.35,188.0,POWER,9.101122425991052
400280,5.0,1,RAILWAYS,734.01,219.0,RAILWAYS,6.59988410456246
400291,1.0,1,POWER,1588.7,87.0,POWER,7.371300598166826
400298,2.0,1,"DEPARTMENT
OF HIGHER
EDUCATION",2312.0,193.0,"DEPARTMENT
OF HIGHER
EDUCATION",7.746300662231439
400299,1.0,1,MINES,1437.0,79.0,Other,7.271008538280992
400301,3.0,1,MINES,678.0,51.0,Other,6.520621127558696
400312,12.0,0,CIVIL AVIATION,1210.12,107.0,CIVIL AVIATION,7.099300830303624
400313,1.0,1,CIVIL AVIATION,2661.73,120.0,CIVIL AVIATION,7.887107191263239
400315,12.0,0,CIVIL AVIATION,5365.88,92.0,CIVIL AVIATION,8.588002013067168
400321,1.0,1,CIVIL AVIATION,1729.68,52.0,CIVIL AVIATION,7.456269673846386
400352,12.0,0,POWER,764.57,127.0,POWER,6.640620654418016
400353,12.0,0,CIVIL AVIATION,711.0,77.0,CIVIL AVIATION,6.568077911411976
400354,12.0,0,"URBAN
DEVELOPMENT",5241.4,99.0,Other,8.564534687725287
400369,1.0,1,COAL,836.42,43.0,COAL,6.730325736748608
400392,12.0,0,RAILWAYS,2838.87,124.0,RAILWAYS,7.951513555459673
400416,2.0,1,Railways,1799.64,37.0,Other,7.495897436244914
400424,4.0,1,Coal,11816.4,84.0,Other,9.377328300604933
400425,1.0,1,POWER,1230.27,91.0,POWER,7.115801436009194
400426,9.0,1,Metals & Mining,1856.36,60.0,Other,7.526911403630313
400429,0.5,0,"Tourism, Hospitality & Wellness",5178.0,22.0,Other,8.552367266423891
601812,1.0,1,Real Estate,2360.0,53.0,Other,7.766840537085513
602096,1.0,1,POWER,6285.33,84.0,POWER,8.746132713593306
602098,1.0,1,"DEPARTMENT
OF HIGHER
EDUCATION",424.93,40.0,"DEPARTMENT
OF HIGHER
EDUCATION",6.054275013518657
602099,1.0,1,"DEPARTMENT
OF HIGHER
EDUCATION",392.51,45.0,"DEPARTMENT
OF HIGHER
EDUCATION",5.975106480495164
602181,1.0,1,"DEPARTMENT
OF HIGHER
EDUCATION",5748.04,60.0,"DEPARTMENT
OF HIGHER
EDUCATION",8.656788163330866
602182,12.0,0,POWER,31876.39,108.0,POWER,10.369652260041995
602184,1.0,1,POWER,1381.84,60.0,POWER,7.231894634444255
602185,1.0,1,POWER,2978.48,76.0,POWER,7.999504067628844
602193,1.0,1,POWER,1657.0,48.0,POWER,7.4133673356952405
602194,1.0,1,Electricity Generation,11089.42,54.0,Other,9.313836951584006
602195,1.0,1,POWER,2491.58,58.0,POWER,7.821073597609785
602223,1.0,1,PETROLEUM,4754.42,48.0,PETROLEUM,8.467040299154506
602525,1.0,1,POWER,8112.12,66.0,POWER,9.001237783361729
602532,1.0,1,POWER,4287.59,65.0,POWER,8.363713286569132
602535,1.0,1,POWER,5281.94,60.0,POWER,8.572238039916403
602538,6.0,1,Electricity Generation,1037.0,35.0,Other,6.945051063725834
602579,1.0,1,PETROLEUM,10439.09,58.0,PETROLEUM,9.253408482089126
602582,1.0,1,POWER,687.97,61.0,POWER,6.53519772870141
602593,1.0,1,POWER,1810.56,62.0,POWER,7.501943631508949
602633,7.0,0,Electricity Generation,2615.0,107.0,Other,7.86940171257709
602792,1.0,1,POWER,1171.3,159.0,POWER,7.066722910077782
602797,12.0,0,POWER,461.64,49.0,POWER,6.136949213849963
602961,1.0,1,POWER,11844.0,57.0,POWER,9.379661116592885
603210,1.0,0,Real Estate,921.66,47.0,Other,6.827260802609821
603293,12.0,0,PETROLEUM,501.79,68.0,PETROLEUM,6.220172587894604
603945,1.0,1,Telecommunication,567.03,263.0,Other,6.342174234227796
604791,1.0,1,"HEALTH AND
FAMILY
WELFARE",12366.0,69.0,Other,9.422786913742057
604792,1.0,1,Oil & Gas,1750.0,43.0,Oil & Gas,7.467942332285852
604795,2.0,1,MINES,31580.0,53.0,Other,10.360310952919434
604833,12.0,0,"HEALTH AND
FAMILY
WELFARE",281.35,95.0,Other,5.643147436118846
604852,1.0,1,COAL,980.45,45.0,COAL,6.889031069983857
604853,1.0,1,PETROLEUM,2281.94,42.0,PETROLEUM,7.733219364975503
604859,2.0,1,PETROLEUM,13805.0,42.0,PETROLEUM,9.53285855926342
604863,1.0,1,"HEALTH AND
FAMILY
WELFARE",543.91,25.0,Other,6.300620643411848
605155,2.0,1,POWER,4526.12,54.0,POWER,8.417841254705579
605156,1.0,1,"DEPARTMENT
OF HIGHER
EDUCATION",938.29,38.0,"DEPARTMENT
OF HIGHER
EDUCATION",6.845124270717886
605292,1.0,1,"DEPARTMENT
OF HIGHER
EDUCATION",348.24,31.0,"DEPARTMENT
OF HIGHER
EDUCATION",5.855759364942607
606013,11.0,0,Education,499.21,23.0,Other,6.21502801024688
606112,2.0,1,Education,153.71,29.0,Other,5.041552396730977
606431,1.0,1,"DEPARTMENT
OF HIGHER
EDUCATION",753.63,20.0,"DEPARTMENT
OF HIGHER
EDUCATION",6.62622756290216
606479,11.0,0,Education,246.0,27.0,Other,5.5093883366279774
606781,1.0,1,Transmission & Distribution,288.71,33.0,Other,5.668880422646936
607701,10.0,0,"HEALTH AND
FAMILY
WELFARE",412.0,29.0,Other,6.023447592961033
607709,1.0,1,PETROLEUM,5111.33,48.0,PETROLEUM,8.539410547964462
608301,3.0,1,Transmission & Distribution,359.47,19.0,Other,5.887408735509094
608302,1.0,1,Transmission & Distribution,318.12,38.0,Other,5.765567207597151
608922,3.0,0,Transmission & Distribution,1666.0,18.0,Other,7.418780882750794
609019,1.0,1,"DEPARTMENT
OF HIGHER
EDUCATION",193.83,3.0,"DEPARTMENT
OF HIGHER
EDUCATION",5.2721273834577955
609041,1.0,0,Education,287.2,47.0,Other,5.663654683565421
609736,1.0,1,"DEPARTMENT
OF HIGHER
EDUCATION",314.06,53.0,"DEPARTMENT
OF HIGHER
EDUCATION",5.752763096877823
609996,11.0,0,Education,262.0,23.0,Other,5.572154032177765
610315,1.0,1,"DEPARTMENT
OF HIGHER
EDUCATION",790.79,38.0,"DEPARTMENT
OF HIGHER
EDUCATION",6.674296205140396
610940,3.0,1,Education,420.41,31.0,Other,6.043606231510928
610984,1.0,1,PETROLEUM,431.0,50.0,PETROLEUM,6.068425588244111
610985,4.0,0,Oil & Gas,423.39,19.0,Oil & Gas,6.050652843785504
611016,1.0,1,CIVIL AVIATION,384.57,57.0,CIVIL AVIATION,5.954722758879874
611017,1.0,1,POWER,334.27,30.0,POWER,5.81493617735479
611047,9.0,1,CIVIL AVIATION,861.37,47.0,CIVIL AVIATION,6.759684412907734
611440,0.5,0,Aviation & Aviation Infrastructure,215.17,25.0,Other,5.376065135169961
611452,1.0,1,POWER,311.0,175.0,POWER,5.7430031878094825
611495,1.0,1,CIVIL AVIATION,1549.0,31.0,CIVIL AVIATION,7.346010209913293
611509,11.0,0,Electricity Generation,14358.0,52.0,Other,9.572132202294377
611570,1.0,1,Aviation & Aviation Infrastructure,500.48,35.0,Other,6.217563726247825
611586,1.0,1,POWER,2614.51,63.0,POWER,7.869214386164091
611602,2.0,1,Aviation & Aviation Infrastructure,1207.0,25.0,Other,7.0967213784947605
611614,4.0,0,Oil & Gas,819.48,60.0,Oil & Gas,6.709889534852196
611615,3.0,0,Railways,342.0,62.0,Other,5.8377304471659395
611656,3.0,1,Transmission & Distribution,1167.55,24.0,Other,7.063518942965034
611657,3.0,1,Transmission & Distribution,2820.99,24.0,Other,7.945197588820371
611659,3.0,1,Transmission & Distribution,1433.28,18.0,Other,7.268418260118725
611660,1.0,1,Transmission & Distribution,966.79,21.0,Other,6.875015121592464
611669,5.0,1,Oil & Gas,380.47,45.0,Oil & Gas,5.944032210673093
611698,11.0,0,Electricity Generation,1938.85,50.0,Other,7.570365929480431
611699,11.0,0,Electricity Generation,1750.07,50.0,Other,7.467982308642697
611716,2.0,0,Electricity Generation,8146.21,72.0,Other,9.005430816337833
611735,4.0,1,COAL,331.0,27.0,COAL,5.805134968916488
611737,1.0,1,Transmission & Distribution,385.84,9.0,Other,5.958011170848763
611751,11.0,0,Oil & Gas,960.64,46.0,Oil & Gas,6.868640160253568
611752,11.0,0,"DEPARTMENT
OF HIGHER
EDUCATION",351.83,48.0,"DEPARTMENT
OF HIGHER
EDUCATION",5.865986354531055
611754,11.0,0,Oil & Gas,293.3,36.0,Oil & Gas,5.684599655239428
611798,3.0,0,Metals & Mining,2705.0,108.0,Other,7.903226808730733
611800,3.0,0,Metals & Mining,665.02,48.0,Other,6.501319700119526
611849,1.0,1,RAILWAYS,968.92,65.0,RAILWAYS,6.877213593869438
611861,1.0,1,POWER,352.41,52.0,POWER,5.867628856033077
611864,12.0,0,POWER,4011.85,86.0,POWER,8.297256991048512
611884,1.0,1,POWER,471.06,60.0,POWER,6.157106096150733
611917,10.0,1,PETROLEUM,1459.0,36.0,PETROLEUM,7.286191714702382
611918,11.0,0,Oil & Gas,468.0,56.0,Oil & Gas,6.150602768446279
611927,11.0,0,Oil & Gas,560.72,74.0,Oil & Gas,6.3310035050999796
611929,11.0,0,Oil & Gas,166.86,18.0,Oil & Gas,5.123130298654681
611930,6.0,1,POWER,15530.0,58.0,POWER,9.65059330557001
611937,3.0,1,Oil & Gas,417.53,48.0,Oil & Gas,6.036748571948126
611938,2.0,0,Oil & Gas,415.38,48.0,Oil & Gas,6.031598304847628
611943,1.0,1,COAL,410.46,59.0,COAL,6.0197118100460845
611944,4.0,1,Oil & Gas,152.44,37.0,Oil & Gas,5.033309611135128
611945,1.0,1,COAL,202.5,96.0,COAL,5.31566600488265
611947,1.0,1,COAL,428.0,19.0,COAL,6.061456918928017
611948,1.0,1,COAL,2211.0,18.0,COAL,7.701652362642226
611949,3.0,1,COAL,1796.0,18.0,COAL,7.493873886783559
611950,5.0,1,Transmission & Distribution,2190.54,19.0,Other,7.692359772030873
611951,1.0,1,COAL,688.74,18.0,COAL,6.5363147149857745
611957,2.0,1,Education,496.28,37.0,Other,6.209153247739228
611961,2.0,0,Education,454.27,33.0,Other,6.1208906495482855
611963,11.0,0,Education,650.85,41.0,Other,6.479814474108788
611966,1.0,1,POWER,224.0,20.0,POWER,5.41610040220442
611967,1.0,1,"DEPARTMENT
OF HIGHER
EDUCATION",1249.0,18.0,"DEPARTMENT
OF HIGHER
EDUCATION",7.1308988302963465
611969,1.0,0,Oil & Gas,246.0,38.0,Oil & Gas,5.5093883366279774
611970,1.0,1,COAL,670.0,85.0,COAL,6.508769136971682
611971,1.0,1,COAL,216.72,94.0,COAL,5.383209833565999
611972,1.0,0,Oil & Gas,318.0,44.0,Oil & Gas,5.765191102784844
611973,1.0,0,Oil & Gas,450.0,42.0,Oil & Gas,6.111467339502679
611974,3.0,1,Oil & Gas,1430.0,40.0,Oil & Gas,7.266128779556451
611975,1.0,0,Oil & Gas,176.0,32.0,Oil & Gas,5.176149732573829
611976,1.0,0,Oil & Gas,221.0,28.0,Oil & Gas,5.402677381872279
611977,11.0,0,Oil & Gas,487.0,24.0,Oil & Gas,6.1903154058531475
611978,11.0,0,Oil & Gas,158.0,24.0,Oil & Gas,5.0689042022202315
611979,4.0,1,Oil & Gas,250.0,26.0,Oil & Gas,5.5254529391317835
611980,1.0,0,Oil & Gas,492.83,67.0,Oil & Gas,6.202191328407103
612063,4.0,1,Aviation & Aviation Infrastructure,219.18,15.0,Other,5.394445393642257
612072,4.0,1,COAL,961.67,49.0,COAL,6.869710673942491
612096,1.0,1,PETROLEUM,1208.67,203.0,PETROLEUM,7.0981028741212135
612128,9.0,1,Education,166.66,24.0,Other,5.1219381192097115
612132,1.0,1,COAL,2000.0,18.0,COAL,7.601402334583733
612133,1.0,1,COAL,2056.0,24.0,COAL,7.6290038896529575
612134,1.0,1,COAL,2998.0,24.0,COAL,8.00603417874901
612135,3.0,1,Education,182.33,40.0,Other,5.211287807574934
612138,3.0,1,POWER,2148.0,24.0,POWER,7.67275789664251
612139,1.0,1,COAL,3752.0,24.0,COAL,8.23031079913502
612140,2.0,1,POWER,2889.0,24.0,POWER,7.969011781106478
612142,11.0,1,POWER,17195.31,71.0,POWER,9.752450104901923
612151,1.0,1,COAL,334.0,24.0,COAL,5.814130531825066
612167,2.0,1,Healthcare,384.27,56.0,Other,5.953944387194059
612178,1.0,1,Healthcare,152.95,124.0,Other,5.0366278743705095
612183,5.0,1,Aviation & Aviation Infrastructure,1413.0,30.0,Other,7.254177846456518
612185,1.0,1,Healthcare,209.36,72.0,Other,5.348820348721143
612186,1.0,1,Healthcare,558.12,45.0,Other,6.326364119168874
612188,4.0,1,"HEALTH AND
FAMILY
WELFARE",429.25,38.0,Other,6.064366435091649
612194,1.0,1,CIVIL AVIATION,911.66,24.0,CIVIL AVIATION,6.8163634125517065
612201,1.0,1,Healthcare,143.23,88.0,Other,4.971409247595418
612203,3.0,0,Education,68.0,42.0,Other,4.23410650459726
612211,6.0,1,Healthcare,205.87,38.0,Other,5.332090576654958
612213,1.0,1,Healthcare,194.93,142.0,Other,5.277757452582676
612239,1.0,1,Healthcare,131.05,60.0,Other,4.883180638743141
612259,1.0,1,Healthcare,102.4,44.0,Other,4.638604962074329
612513,8.0,0,Healthcare,164.6,198.0,Other,5.109575241951159
612688,0.5,0,Healthcare,211.13,79.0,Other,5.357199294284259
612745,2.0,1,Healthcare,278.0,143.0,Other,5.631211781821365
612748,8.0,0,Healthcare,150.92,91.0,Other,5.02335406650403
612781,9.0,1,POWER,916.78,37.0,POWER,6.821957710483379
612786,7.0,1,CIVIL AVIATION,265.91,34.0,CIVIL AVIATION,5.586911522924786
612787,1.0,1,CIVIL AVIATION,320.47,32.0,CIVIL AVIATION,5.772904226726582
612788,1.0,1,CIVIL AVIATION,322.45,32.0,CIVIL AVIATION,5.779044542489994
612789,1.0,1,CIVIL AVIATION,484.57,27.0,CIVIL AVIATION,6.185323458594698
612790,1.0,1,PETROLEUM,385.0,28.0,PETROLEUM,5.955837369464831
612791,1.0,1,CIVIL AVIATION,328.3,30.0,CIVIL AVIATION,5.7969691893823185
612793,1.0,1,CIVIL AVIATION,323.26,31.0,CIVIL AVIATION,5.781545663121923
612815,1.0,1,POWER,170.49,51.0,POWER,5.1445249558680555
612816,12.0,0,CIVIL AVIATION,929.1,75.0,CIVIL AVIATION,6.835292107248422
612819,1.0,1,COAL,1813.0,18.0,COAL,7.503289630675082
612827,11.0,0,Oil & Gas,183.65,35.0,Oil & Gas,5.2184621412985726
612834,11.0,0,Oil & Gas,252.0,32.0,Oil & Gas,5.53338948872752
612838,2.0,0,Coal,7580.0,98.0,Other,8.933400396056303
612845,2.0,0,Railways,955.39,71.0,Other,6.863165779653304
612851,4.0,1,Education,333.49,34.0,Other,5.81260698375519
612853,12.0,0,PETROLEUM,521.92,36.0,PETROLEUM,6.2594284886936595
612855,1.0,1,COAL,679.0,24.0,COAL,6.522092798170152
612856,1.0,1,"DEPARTMENT
OF HIGHER
EDUCATION",164.0,28.0,"DEPARTMENT
OF HIGHER
EDUCATION",5.10594547390058
612876,5.0,1,Education,474.23,187.0,Other,6.163798897368869
612877,6.0,1,Education,618.34,137.0,Other,6.428654394910388
612883,11.0,0,Education,685.76,47.0,Other,6.5319848862090115
612885,6.0,1,"DEPARTMENT
OF HIGHER
EDUCATION",484.32,12.0,"DEPARTMENT
OF HIGHER
EDUCATION",6.1848084671836725
612894,1.0,1,"DEPARTMENT
OF HIGHER
EDUCATION",512.37,44.0,"DEPARTMENT
OF HIGHER
EDUCATION",6.240996832760095
612898,5.0,1,Education,592.61,161.0,Other,6.386222538072459
612916,11.0,0,Education,490.63,49.0,Other,6.197726401053676
613002,11.0,0,Oil & Gas,842.0,41.0,Oil & Gas,6.736966958001855
613003,5.0,0,Oil & Gas,1686.26,49.0,Oil & Gas,7.4308611904099235
613008,11.0,0,Education,305.0,42.0,Other,5.723585101952381
613013,11.0,0,Education,275.63,159.0,Other,5.622680873219159
613015,11.0,0,Oil & Gas,1813.0,44.0,Oil & Gas,7.503289630675082
613785,11.0,0,Oil & Gas,4744.0,54.0,Oil & Gas,8.464846711044029
613786,11.0,0,Oil & Gas,2379.0,52.0,Oil & Gas,7.77485576666552
613787,11.0,0,Telecommunication,2584.1,74.0,Other,7.8575194709138305
613788,0.5,0,Oil & Gas,1473.77,55.0,Oil & Gas,7.29625732441184
613793,4.0,1,CIVIL AVIATION,483.65,71.0,CIVIL AVIATION,6.183426980938617
613794,12.0,0,CIVIL AVIATION,389.1,74.0,CIVIL AVIATION,5.966403116512611
613795,3.0,0,Coal,278.64,58.0,Other,5.6335030616437844
613798,12.0,0,"URBAN
DEVELOPMENT",335.97,37.0,Other,5.819993905618264
613799,12.0,0,"URBAN
DEVELOPMENT",316.1,56.0,Other,5.759217181544302
613800,9.0,1,"URBAN
DEVELOPMENT",459.49,44.0,Other,6.132291139932975
613801,5.0,1,"URBAN
DEVELOPMENT",410.26,94.0,Other,6.0192256178933725
613802,6.0,1,CIVIL AVIATION,371.04,75.0,CIVIL AVIATION,5.9190013753742665
613803,1.0,1,"URBAN
DEVELOPMENT",366.94,62.0,Other,5.907919881397637
613804,12.0,0,CIVIL AVIATION,314.09,63.0,CIVIL AVIATION,5.752858312302793
613808,1.0,1,POWER,339.88,38.0,POWER,5.831530509191657
615183,1.0,1,COAL,491.67,45.0,COAL,6.199839578717014
615184,12.0,0,CIVIL AVIATION,228.64,74.0,CIVIL AVIATION,5.436512865299436
615185,12.0,0,CIVIL AVIATION,399.2,54.0,CIVIL AVIATION,5.991964422149633
615186,12.0,1,CIVIL AVIATION,319.04,67.0,CIVIL AVIATION,5.768445987981924
615187,12.0,0,CIVIL AVIATION,220.62,76.0,CIVIL AVIATION,5.400964203508179
615188,12.0,0,CIVIL AVIATION,402.27,54.0,CIVIL AVIATION,5.999606312799605
615189,12.0,1,CIVIL AVIATION,361.87,45.0,CIVIL AVIATION,5.894044643400399
615190,12.0,0,CIVIL AVIATION,335.75,82.0,CIVIL AVIATION,5.819340815290474
615191,12.0,0,"URBAN
DEVELOPMENT",329.22,74.0,Other,5.799759099003687
615192,12.0,1,CIVIL AVIATION,309.58,59.0,CIVIL AVIATION,5.738441517141043
615193,1.0,1,RAILWAYS,479.15,58.0,RAILWAYS,6.174098555083981
615194,12.0,0,CIVIL AVIATION,206.88,98.0,CIVIL AVIATION,5.336960990140241
615195,12.0,0,CIVIL AVIATION,166.25,54.0,CIVIL AVIATION,5.119489699008338
615199,12.0,0,CIVIL AVIATION,198.71,42.0,CIVIL AVIATION,5.296866314280722
615202,11.0,0,Metals & Mining,1700.0,77.0,Other,7.438971592395862
615206,12.0,1,CIVIL AVIATION,414.16,79.0,CIVIL AVIATION,6.0286639880970885
615327,1.0,1,COAL,218.03,25.0,COAL,5.389208706736104
615330,12.0,0,CIVIL AVIATION,360.18,75.0,CIVIL AVIATION,5.889376449024197
615331,11.0,0,Coal,497.41,77.0,Other,6.211423031477417
615332,3.0,1,COAL,3279.0,24.0,COAL,8.09559870137819
615333,9.0,1,COAL,2227.0,24.0,COAL,7.708859601047175
615334,3.0,1,COAL,3251.0,24.0,COAL,8.087025470667701
615335,5.0,1,COAL,1382.0,24.0,COAL,7.232010331664759
615336,2.0,0,Transmission & Distribution,284.0,27.0,Other,5.652489180268651
615337,5.0,1,COAL,369.0,18.0,COAL,5.91350300563827
615338,5.0,1,COAL,2735.0,24.0,COAL,7.914252278742441
615339,3.0,1,COAL,5969.0,24.0,COAL,8.694502206386648
615340,3.0,1,COAL,5357.0,24.0,COAL,8.586346050104554
615342,9.0,1,COAL,329.0,21.0,COAL,5.799092654460526
615343,12.0,0,COAL,501.0,24.0,COAL,6.218600119691729
615344,3.0,1,POWER,3674.0,24.0,POWER,8.209308411646937
615345,3.0,1,COAL,4766.0,24.0,COAL,8.469472455204826
615346,3.0,1,POWER,2708.0,24.0,POWER,7.904334842085095
615347,12.0,0,COAL,24819.0,54.0,COAL,10.119405058758598
615349,12.0,0,POWER,230.41,88.0,POWER,5.44419102903758
615818,1.0,1,COAL,297.88,39.0,COAL,5.700042155040478
615820,1.0,1,COAL,159.77,100.0,COAL,5.079974772174869
615821,1.0,1,COAL,289.46,60.0,COAL,5.671465873179658
615822,12.0,0,POWER,222.82,94.0,POWER,5.410842157389881
615843,1.0,1,POWER,243.52,40.0,POWER,5.499297105160525
615857,1.0,1,RAILWAYS,494.3,48.0,RAILWAYS,6.2051636395941925
615858,1.0,1,COAL,384.32,48.0,COAL,5.954074157889423
615859,4.0,0,Coal,413.84,106.0,Other,6.027892903721534
615860,1.0,1,COAL,438.98,44.0,COAL,6.0867292713337635
615861,1.0,1,COAL,349.28,43.0,COAL,5.858732834654024
615862,12.0,0,COAL,345.6,56.0,COAL,5.848171377281505
615863,1.0,1,COAL,484.51,29.0,COAL,6.185199884841606
615864,4.0,0,Coal,489.62,129.0,Other,6.195669897401941
615865,1.0,1,COAL,442.42,31.0,COAL,6.0945174021640645
615914,1.0,1,CIVIL AVIATION,184.71,84.0,CIVIL AVIATION,5.224186317204961
615915,1.0,1,Railways,244.99,42.0,Other,5.505290884699608
615916,12.0,0,CIVIL AVIATION,1225.21,72.0,CIVIL AVIATION,7.111683390571797
615917,12.0,0,CIVIL AVIATION,973.07,69.0,CIVIL AVIATION,6.881483169643275
615918,12.0,0,CIVIL AVIATION,405.2,66.0,CIVIL AVIATION,6.0068456491462845
615919,1.0,1,CIVIL AVIATION,1024.91,57.0,CIVIL AVIATION,6.933335302584907
615982,1.0,1,COAL,319.76,67.0,COAL,5.770693179938828
616044,1.0,1,CIVIL AVIATION,237.06,26.0,CIVIL AVIATION,5.472522742739733
616050,1.0,1,CIVIL AVIATION,235.9,66.0,CIVIL AVIATION,5.46763811116474
616221,1.0,0,Urban Public Transport,2254.35,48.0,Other,7.721060450535869
616223,1.0,1,CIVIL AVIATION,316.0,64.0,CIVIL AVIATION,5.75890177387728
616225,12.0,0,POWER,979.08,159.0,POWER,6.887634200985915
616226,1.0,1,RAILWAYS,3563.5,83.0,RAILWAYS,8.178779070557683
616227,11.0,0,Oil & Gas,1932.01,50.0,Oil & Gas,7.566833652500692
616229,1.0,1,CIVIL AVIATION,668.54,54.0,CIVIL AVIATION,6.506590909425665
616230,12.0,0,CIVIL AVIATION,1193.55,148.0,CIVIL AVIATION,7.085524824408029
616231,1.0,1,RAILWAYS,5366.28,84.0,RAILWAYS,8.588076541488615
616232,12.0,0,RAILWAYS,1561.85,76.0,RAILWAYS,7.354266356526303
616233,12.0,0,RAILWAYS,978.44,83.0,RAILWAYS,6.88698097976566
616234,1.0,1,"URBAN
DEVELOPMENT",1624.59,5.0,Other,7.393626105790439
616235,8.0,0,"DEPARTMENT
OF HIGHER
EDUCATION",240.0,19.0,"DEPARTMENT
OF HIGHER
EDUCATION",5.484796933490655
616236,12.0,0,POWER,414.37,109.0,POWER,6.029169689286631
616253,12.0,0,POWER,5850.83,60.0,POWER,8.674509711820587
616254,12.0,0,"DEPARTMENT
OF HIGHER
EDUCATION",2212.0,36.0,"DEPARTMENT
OF HIGHER
EDUCATION",7.70210434005105
616586,11.0,0,Oil & Gas,2269.49,51.0,Oil & Gas,7.727750946212077
616587,11.0,0,Oil & Gas,1875.72,51.0,Oil & Gas,7.537280851244757
616588,11.0,0,Oil & Gas,1459.13,60.0,Oil & Gas,7.286280751834349
616594,5.0,1,Waste & Water,842.25,59.0,Other,6.73726347394176
616600,2.0,1,"URBAN
DEVELOPMENT",254.13,35.0,Other,5.541773219174124
616604,2.0,1,"WATER
RESOURCES",160.0,45.0,Other,5.081404364984463
616605,9.0,1,Waste & Water,690.71,55.0,Other,6.539166792636632
616611,2.0,1,"URBAN
DEVELOPMENT",824.0,58.0,Other,6.715383386334681
616612,2.0,1,"URBAN
DEVELOPMENT",578.89,58.0,Other,6.362838430381235
616615,2.0,1,"URBAN
DEVELOPMENT",230.06,40.0,Other,5.442677417054872
616616,2.0,1,"URBAN
DEVELOPMENT",305.19,41.0,Other,5.724205824297079
616670,3.0,1,POWER,5846.0,24.0,POWER,8.67368398817567
616671,1.0,1,POWER,548.0,42.0,POWER,6.3080984415095305
616672,1.0,1,POWER,1354.0,24.0,POWER,7.2115567333138015
616694,11.0,0,Oil & Gas,200.77,33.0,Oil & Gas,5.307128434826587
616695,11.0,0,Oil & Gas,300.15,43.0,Oil & Gas,5.70760847948973
616696,1.0,0,Oil & Gas,254.06,48.0,Oil & Gas,5.541498811598753
616697,11.0,0,Oil & Gas,154.28,27.0,Oil & Gas,5.045229938860754
616699,11.0,0,Oil & Gas,12333.57,55.0,Oil & Gas,9.420161168201794
616701,11.0,0,Oil & Gas,2123.7,37.0,Oil & Gas,7.661385894921593
616702,1.0,0,Oil & Gas,3591.76,58.0,Oil & Gas,8.186675988333684
616839,2.0,0,Railways,1165.89,64.0,Other,7.062097369060713
616840,1.0,0,Oil & Gas,947.0,49.0,Oil & Gas,6.854354502255021
616841,10.0,1,Oil & Gas,799.64,34.0,Oil & Gas,6.685411407838491
616842,11.0,0,Oil & Gas,3085.59,41.0,Oil & Gas,8.034822200650687
616843,10.0,1,Oil & Gas,1634.79,40.0,Oil & Gas,7.399881147065413
616856,11.0,0,Oil & Gas,770.12,48.0,Oil & Gas,6.647844003475713
616857,11.0,0,Oil & Gas,1595.55,48.0,Oil & Gas,7.375600330173661
616858,1.0,1,"HEALTH AND
FAMILY
WELFARE",430.76,43.0,Other,6.067869878310387
616879,1.0,1,PETROLEUM,364.0,36.0,PETROLEUM,5.8998973535824915
616886,11.0,0,Education,373.0,21.0,Other,5.924255797414532
616933,12.0,0,"HEALTH AND
FAMILY
WELFARE",4679.0,39.0,Other,8.451053388911692
616983,2.0,0,Railways,467.58,47.0,Other,6.1497068448384935
617068,1.0,1,POWER,288.0,24.0,POWER,5.666426688112432
617069,1.0,1,COAL,466.0,24.0,COAL,6.1463292576688975
617179,1.0,1,POWER,219.0,24.0,POWER,5.393627546352362
617181,5.0,1,COAL,404.0,21.0,COAL,6.003887067106539
617182,12.0,0,COAL,172.0,24.0,COAL,5.153291594497779
617183,1.0,1,"DEPARTMENT
OF HIGHER
EDUCATION",2886.0,24.0,"DEPARTMENT
OF HIGHER
EDUCATION",7.967973179662935
617184,1.0,1,POWER,3453.0,24.0,POWER,8.147288258706624
617185,9.0,1,"DEPARTMENT
OF HIGHER
EDUCATION",5000.0,24.0,"DEPARTMENT
OF HIGHER
EDUCATION",8.517393171418904
617186,9.0,1,COAL,5028.0,24.0,COAL,8.522976436171964
617188,10.0,1,Electricity Generation,9791.0,60.0,Other,9.189321004752108
617200,11.0,0,Oil & Gas,7853.84,71.0,Oil & Gas,8.96888518129067
617201,3.0,1,Oil & Gas,4373.04,60.0,Oil & Gas,8.383442346142315
617206,11.0,0,Urban Public Transport,6230.99,48.0,Other,8.737450982927987
617207,11.0,0,Urban Public Transport,8399.81,60.0,Other,9.036083408753898
617210,11.0,0,Oil & Gas,1215.56,47.0,Oil & Gas,7.103782482832203
617211,11.0,0,Oil & Gas,2853.23,67.0,Oil & Gas,7.956557383437203
617212,10.0,1,Oil & Gas,4686.09,67.0,Oil & Gas,8.452567199786568
617213,6.0,0,Railways,2464.46,60.0,Other,7.810133681642895
617214,11.0,0,Oil & Gas,2047.4,28.0,Oil & Gas,7.624814279588395
617215,11.0,0,Oil & Gas,769.93,51.0,Oil & Gas,6.6475975782612755
617216,11.0,0,Oil & Gas,877.34,29.0,Oil & Gas,6.778033762411376
617221,11.0,0,Education,210.99,30.0,Other,5.356539103748161
617224,11.0,0,Oil & Gas,1120.0,45.0,Oil & Gas,7.02197642307216
617225,12.0,0,"URBAN
DEVELOPMENT",910.18,39.0,Other,6.814740462813949
617226,12.0,0,"URBAN
DEVELOPMENT",2954.53,54.0,Other,7.991433270779647
617231,11.0,0,Oil & Gas,611.74,25.0,Oil & Gas,6.417940702405611
617233,12.0,0,CIVIL AVIATION,379.3,62.0,CIVIL AVIATION,5.940960414934214
617239,2.0,1,Railways,4079.95,60.0,Other,8.314085083431706
617240,0.5,0,Oil & Gas,935.19,28.0,Oil & Gas,6.841818447330606
617242,12.0,0,POWER,2115.44,33.0,POWER,7.657490710870274
617243,12.0,0,STEEL,198.62,24.0,Other,5.29641555925844
617245,6.0,0,Railways,942.64,48.0,Other,6.849744737478631
617246,9.0,1,POWER,758.09,21.0,POWER,6.632120347441023
617248,11.0,1,POWER,227.96,20.0,POWER,5.43354731580814
617249,12.0,0,STEEL,211.94,24.0,Other,5.3610104358864605
617250,11.0,1,STEEL,207.13,21.0,Other,5.33816288447016
617251,12.0,1,POWER,196.4,18.0,POWER,5.285232126999381
617252,11.0,0,Oil & Gas,958.27,52.0,Oil & Gas,6.866172578531812
617253,7.0,1,STEEL,513.82,22.0,Other,6.243817325006178
617254,8.0,1,STEEL,260.37,27.0,Other,5.565937027962764
617255,11.0,1,STEEL,471.83,32.0,Other,6.1587359158555595
617256,5.0,1,STEEL,884.1,23.0,Other,6.785700632974831
617257,12.0,1,STEEL,627.31,36.0,Other,6.443033675245955
617269,5.0,1,POWER,213.0,18.0,POWER,5.365976015021851
617270,3.0,1,PETROLEUM,409.0,12.0,PETROLEUM,6.016157159698354
617271,1.0,1,PETROLEUM,343.0,12.0,PETROLEUM,5.840641657373398
617272,12.0,0,POWER,370.0,22.0,POWER,5.916202062607435
617278,12.0,0,CIVIL AVIATION,630.37,61.0,CIVIL AVIATION,6.447892061532944
617279,11.0,0,Transmission & Distribution,558.0,30.0,Other,6.326149473155099
617280,1.0,1,MINES,255.37,36.0,Other,5.5466217135207465
617282,1.0,0,Construction,646.53,36.0,Other,6.473165124546728
617284,11.0,0,Oil & Gas,1423.96,38.0,Oil & Gas,7.2618990221333375
617287,11.0,0,Coal,4516.88,64.0,Other,8.415798136250247
617288,11.0,0,Coal,382.61,50.0,Other,5.949626411491186
617299,12.0,1,COAL,383.84,35.0,COAL,5.952827663493064
617302,6.0,1,PETROLEUM,1740.0,45.0,PETROLEUM,7.462214939768189
617303,1.0,0,Oil & Gas,163.0,132.0,Oil & Gas,5.099866427824199
617304,11.0,0,Oil & Gas,340.15,41.0,Oil & Gas,5.832322263261433
617320,1.0,0,Railways,747.91,98.0,Other,6.618618816083784
617321,1.0,0,Railways,150000.0,120.0,Other,11.918397239722838
617322,1.0,0,Oil & Gas,350.46,23.0,Oil & Gas,5.8620959067667
617326,3.0,1,Transmission & Distribution,1842.25,169.0,Other,7.51928559686976
617327,9.0,0,Transmission & Distribution,12200.1,60.0,Other,9.409281390591252
617333,9.0,0,Railways,199.96,52.0,Other,5.303105883279834
617338,9.0,0,Steel,2518.39,42.0,Other,7.831772087711309
617361,9.0,0,Railways,362.81,41.0,Other,5.89663175333681
617364,9.0,0,Railways,338.33,42.0,Other,5.8269730852113995
617370,9.0,0,Railways,180.66,46.0,Other,5.2021368080740675
617372,4.0,1,Railways,349.22,37.0,Other,5.858561528443754
617373,2.0,0,Railways,588.18,48.0,Other,6.378731739681057
617375,9.0,0,Transmission & Distribution,209.38,30.0,Other,5.348915419311128
617379,2.0,1,Railways,446.21,145.0,Other,6.103028282950449
617390,9.0,0,Railways,1281.81,42.0,Other,7.1568082632360746
617391,6.0,1,Transmission & Distribution,488.29,21.0,Other,6.192955360726739
617403,9.0,0,Railways,468.64,29.0,Other,6.151966443762011
617404,9.0,0,Railways,189.21,35.0,Other,5.24812872496475
617406,9.0,0,Railways,2417.24,149.0,Other,7.790795281832355
617408,9.0,0,Railways,166.33,96.0,Other,5.119967910506483
617409,3.0,1,Railways,521.36,125.0,Other,6.258357005352207
617412,7.0,0,Construction,644.0,42.0,Other,6.4692503167957724
617413,2.0,1,Telecommunication,1884.6,37.0,Other,7.542001351621921
617416,9.0,0,Coal,5940.47,42.0,Other,8.68971185648734
617422,9.0,0,Water Resources,1923.81,302.0,Other,7.562582540551889
617727,2.0,0,Real Estate,2786.0,50.0,Other,7.932721027481948
617729,2.0,0,Real Estate,2136.0,50.0,Other,7.667158255319148
617730,8.0,1,Electricity Generation,3335.85,34.0,Other,8.112782527186678
617764,2.0,0,Coal,1354.2,65.0,Other,7.21170432389779
617801,5.0,1,Transmission & Distribution,581.74,21.0,Other,6.367741117751471
617802,8.0,0,Transmission & Distribution,319.0,29.0,Other,5.768320995793772
617803,8.0,0,Transmission & Distribution,379.0,24.0,Other,5.940171252720432
617806,7.0,0,Transmission & Distribution,4535.99,31.0,Other,8.420019075561909
617807,7.0,0,Transmission & Distribution,2368.0,24.0,Other,7.7702232041587855
617808,7.0,0,Transmission & Distribution,1007.0,24.0,Other,6.915723448631314
617818,4.0,1,Oil & Gas,514.91,96.0,Oil & Gas,6.245932331664218
617819,7.0,0,Oil & Gas,557.04,96.0,Oil & Gas,6.324430644399907
617824,0.5,0,Railways,2017.38,48.0,Other,7.610050488439071
617827,7.0,0,Oil & Gas,680.0,60.0,Oil & Gas,6.523562306149512
617828,5.0,1,Oil & Gas,267.0,54.0,Oil & Gas,5.5909869805108565
617829,6.0,1,Energy Storage,225.71,40.0,Other,5.423671667700738
617830,7.0,0,Oil & Gas,1792.0,32.0,Oil & Gas,7.491645473605133
617832,7.0,0,Railways,2887.11,54.0,Other,7.968357587930022
617836,1.0,1,Oil & Gas,635.28,36.0,Oil & Gas,6.455638718030159
617837,1.0,1,Oil & Gas,484.0,49.0,Oil & Gas,6.184148890937483
617838,7.0,0,Oil & Gas,1130.0,47.0,Oil & Gas,7.030857476116121
617839,7.0,0,Energy Storage,356.86,38.0,Other,5.880141848463716
617877,7.0,0,Education,1188.97,41.0,Other,7.081683375703762
617878,7.0,0,Education,1527.0,41.0,Other,7.331714969726466
617880,2.0,0,Railways,2526.47,36.0,Other,7.8349740813879825
617882,7.0,0,Healthcare,358.19,12.0,Other,5.883851496396862
617883,7.0,0,Healthcare,4441.0,128.0,Other,8.398860004454372
617885,6.0,1,"DEPARTMENT
OF HIGHER
EDUCATION",302.88,18.0,"DEPARTMENT
OF HIGHER
EDUCATION",5.716632886635021
617886,9.0,1,RAILWAYS,252.19,51.0,RAILWAYS,5.53414019501932
617887,6.0,1,RAILWAYS,379.23,34.0,RAILWAYS,5.940776332780459
617888,1.0,1,Roads & Highways,192.54,25.0,Roads & Highways,5.265484209452796
617889,1.0,1,Roads & Highways,192.22,19.0,Roads & Highways,5.263829436089363
617890,5.0,0,Roads & Highways,220.89,34.0,Roads & Highways,5.402181763578325
617891,6.0,1,RAILWAYS,186.29,29.0,RAILWAYS,5.232658217741762
617892,6.0,1,POWER,450.65,96.0,POWER,6.112907543595853
617893,5.0,0,Roads & Highways,304.83,54.0,Roads & Highways,5.723029392018658
617894,1.0,1,Roads & Highways,410.83,36.0,Roads & Highways,6.020610642838686
617895,9.0,1,RAILWAYS,535.03,37.0,RAILWAYS,6.284190129653785
617896,12.0,0,RAILWAYS,421.15,31.0,RAILWAYS,6.045360701115509
617897,9.0,1,PETROLEUM,295.24,40.0,PETROLEUM,5.691169936605357
617898,4.0,0,Roads & Highways,199.5,55.0,Roads & Highways,5.300814246746624
617899,9.0,1,POWER,636.1,47.0,POWER,6.456926629122442
617900,6.0,1,RAILWAYS,150.11,33.0,RAILWAYS,5.018008048425669
617901,6.0,1,RAILWAYS,194.88,35.0,RAILWAYS,5.277502226834117
617902,4.0,0,Roads & Highways,168.95,45.0,Roads & Highways,5.135504276142125
617904,6.0,1,POWER,238.78,44.0,POWER,5.4797218362795075
617905,6.0,1,POWER,324.09,41.0,POWER,5.784102067070543
617906,7.0,1,COAL,173.06,14.0,COAL,5.159400067361368
617907,9.0,1,"DEPARTMENT
OF HIGHER
EDUCATION",388.71,33.0,"DEPARTMENT
OF HIGHER
EDUCATION",5.965402872780123
617908,4.0,0,Roads & Highways,161.96,39.0,Roads & Highways,5.093504771918551
617909,4.0,0,Roads & Highways,648.05,35.0,Roads & Highways,6.4755097553390035
617911,6.0,1,POWER,511.83,29.0,POWER,6.239944406235359
617912,5.0,0,Roads & Highways,619.55,43.0,Roads & Highways,6.43060618157553
617913,6.0,1,RAILWAYS,283.15,28.0,RAILWAYS,5.649502267743131
617914,2.0,1,Roads & Highways,241.23,45.0,Roads & Highways,5.48988768802314
617915,9.0,1,POWER,329.14,44.0,POWER,5.799516806919395
617916,5.0,0,Roads & Highways,1295.39,47.0,Roads & Highways,7.167338757569021
617917,7.0,1,POWER,478.83,36.0,POWER,6.173431874503444
617919,6.0,1,POWER,349.03,10.0,POWER,5.858018865095914
617920,3.0,0,Roads & Highways,511.54,65.0,Roads & Highways,6.239378756747404
617921,9.0,1,POWER,499.79,39.0,POWER,6.216186851535406
617922,3.0,0,Roads & Highways,587.1,70.0,Roads & Highways,6.3768970014659105
617923,5.0,0,Roads & Highways,155.97,51.0,Roads & Highways,5.056054704287115
617924,9.0,1,POWER,300.33,39.0,POWER,5.708206009715981
617925,6.0,1,POWER,157.49,33.0,POWER,5.065691499844334
617926,2.0,1,Roads & Highways,398.4,41.0,Roads & Highways,5.989963420981715
617927,2.0,1,Roads & Highways,699.19,29.0,Roads & Highways,6.551351726784763
617928,9.0,1,COAL,151.13,48.0,COAL,5.0247354184750375
617929,6.0,1,RAILWAYS,248.0,24.0,RAILWAYS,5.517452896464707
617930,7.0,1,POWER,196.94,36.0,POWER,5.287963954468545
617931,1.0,1,Roads & Highways,155.87,113.0,Roads & Highways,5.055417436868149
617932,7.0,1,POWER,496.64,31.0,POWER,6.2098769240462905
617933,11.0,0,POWER,984.07,42.0,POWER,6.892712704636869
617934,7.0,1,POWER,406.54,38.0,POWER,6.0101390873727905
617935,6.0,1,POWER,298.0,36.0,POWER,5.700443573390687
617936,12.0,0,RAILWAYS,248.83,29.0,RAILWAYS,5.520780686557383
617937,2.0,0,Roads & Highways,809.77,41.0,Roads & Highways,6.69798441339997
617938,5.0,0,Roads & Highways,574.18,27.0,Roads & Highways,6.354683035287725
617939,4.0,1,Roads & Highways,1297.75,40.0,Roads & Highways,7.169157542413437
617940,6.0,1,RAILWAYS,545.11,40.0,RAILWAYS,6.302820420654982
617941,4.0,0,Roads & Highways,398.25,43.0,Roads & Highways,5.989587787095122
617942,6.0,1,"ROAD
TRANSPORT
AND
HIGHWAYS",641.46,36.0,Other,6.465304558022001
617943,1.0,0,Roads & Highways,746.75,46.0,Roads & Highways,6.617068697510057
617944,7.0,1,POWER,743.21,45.0,POWER,6.6123232530702944
617945,5.0,0,Roads & Highways,354.21,25.0,Roads & Highways,5.872709163874876
617948,7.0,1,POWER,1230.02,44.0,POWER,7.115598373006169
617949,12.0,0,"DEPARTMENT
OF HIGHER
EDUCATION",159.66,28.0,"DEPARTMENT
OF HIGHER
EDUCATION",5.079290330745667
617950,5.0,0,Roads & Highways,204.42,50.0,Roads & Highways,5.325056663737659
617951,2.0,0,Roads & Highways,314.55,52.0,Roads & Highways,5.754317148030249
617954,9.0,1,POWER,398.48,12.0,POWER,5.990163701374934
617955,9.0,1,POWER,718.52,24.0,POWER,6.5785843230223975
617957,11.0,0,POWER,274.06,31.0,POWER,5.616989255686562
617958,6.0,1,PETROLEUM,566.15,36.0,PETROLEUM,6.340623819005051
617959,11.0,0,PETROLEUM,477.54,46.0,PETROLEUM,6.1707398019655315
617960,6.0,1,POWER,271.17,32.0,POWER,5.60642687106484
617961,6.0,1,PETROLEUM,1408.85,33.0,PETROLEUM,7.25123859473442
617962,12.0,0,RAILWAYS,238.97,53.0,RAILWAYS,5.4805139155288405
617963,10.0,1,POWER,296.02,60.0,POWER,5.693799476602799
617964,12.0,0,POWER,309.63,47.0,POWER,5.738602493300822
617965,7.0,1,POWER,195.38,22.0,POWER,5.280051557741144
617966,6.0,1,PETROLEUM,675.0,69.0,PETROLEUM,6.516193076042964
617967,1.0,1,Roads & Highways,251.88,53.0,Roads & Highways,5.532915067907362
617968,6.0,1,RAILWAYS,418.88,24.0,RAILWAYS,6.039968956167597
617969,11.0,1,PETROLEUM,201.08,40.0,PETROLEUM,5.308663658602181
617970,6.0,1,RAILWAYS,282.08,24.0,RAILWAYS,5.645729543207584
617971,5.0,0,Roads & Highways,322.4,51.0,Roads & Highways,5.778889947143006
617972,4.0,0,Roads & Highways,200.67,42.0,Roads & Highways,5.30663269815175
617973,6.0,1,POWER,188.8,18.0,POWER,5.245970886175828
617974,5.0,0,Roads & Highways,344.73,35.0,Roads & Highways,5.845658123607847
617975,6.0,1,RAILWAYS,237.8,24.0,RAILWAYS,5.475626381518447
617976,6.0,1,COAL,530.2,36.0,COAL,6.275138598162224
617977,3.0,0,Roads & Highways,211.28,31.0,Roads & Highways,5.357906157959694
617978,4.0,0,Roads & Highways,631.76,38.0,Roads & Highways,6.450091203330379
617979,1.0,1,Roads & Highways,533.76,38.0,Roads & Highways,6.281818048114922
617980,6.0,1,RAILWAYS,626.76,28.0,RAILWAYS,6.442157927819218
617981,1.0,1,Roads & Highways,359.0,26.0,Roads & Highways,5.886104031450156
617982,6.0,1,RAILWAYS,230.03,23.0,RAILWAYS,5.442547572219269
617983,3.0,1,Roads & Highways,317.19,40.0,Roads & Highways,5.7626486886342425
617984,6.0,1,RAILWAYS,206.13,28.0,RAILWAYS,5.333346615467431
617985,6.0,1,RAILWAYS,196.52,33.0,RAILWAYS,5.285839845036924
617986,6.0,1,RAILWAYS,204.1,32.0,RAILWAYS,5.323497665078335
617987,5.0,0,Roads & Highways,691.81,35.0,Roads & Highways,6.540755791324192
617988,5.0,0,Roads & Highways,776.17,33.0,Roads & Highways,6.6556591166553485
617989,3.0,1,Roads & Highways,157.32,32.0,Roads & Highways,5.064618301294311
617990,6.0,1,RAILWAYS,356.65,35.0,RAILWAYS,5.879554854554393
617991,6.0,1,RAILWAYS,206.88,28.0,RAILWAYS,5.336960990140241
617992,3.0,1,Roads & Highways,322.81,30.0,Roads & Highways,5.780156924027929
617993,1.0,1,Roads & Highways,220.28,21.0,Roads & Highways,5.399428867916448
617994,3.0,1,Roads & Highways,294.13,21.0,Roads & Highways,5.687415937235904
617995,3.0,1,Roads & Highways,300.0,28.0,Roads & Highways,5.707110264748875
617996,3.0,1,Roads & Highways,298.0,28.0,Roads & Highways,5.700443573390687
617997,1.0,0,Roads & Highways,538.71,59.0,Roads & Highways,6.291031958265244
617998,6.0,1,POWER,256.66,76.0,POWER,5.551640886363379
617999,1.0,1,Roads & Highways,471.62,37.0,Roads & Highways,6.158291682943288
618000,3.0,1,Roads & Highways,170.34,23.0,Roads & Highways,5.143649886535898
618001,3.0,1,Roads & Highways,216.53,61.0,Roads & Highways,5.382336772051611
618002,7.0,1,RAILWAYS,1094.46,40.0,RAILWAYS,6.998929645361146
618003,3.0,1,Roads & Highways,154.49,37.0,Roads & Highways,5.046581420869725
618004,3.0,1,Roads & Highways,179.86,53.0,Roads & Highways,5.197723251312334
618005,6.0,1,POWER,200.0,19.0,POWER,5.303304908059076
618006,6.0,1,PETROLEUM,748.99,37.0,PETROLEUM,6.620059873108133
618007,6.0,1,COAL,536.03,18.0,COAL,6.28605395887021
618008,6.0,1,POWER,1384.79,37.0,POWER,7.234025653118753
618009,6.0,1,POWER,282.41,28.0,POWER,5.646894612449152
618010,4.0,0,Roads & Highways,546.67,44.0,Roads & Highways,6.305672915777904
618011,6.0,1,RAILWAYS,411.4,29.0,RAILWAYS,6.021993752142805
618012,9.0,1,POWER,186.52,47.0,POWER,5.233885506388648
618013,1.0,1,Roads & Highways,1318.59,37.0,Roads & Highways,7.185076361271757
618014,4.0,0,Roads & Highways,199.05,55.0,Roads & Highways,5.298567335303244
618015,1.0,1,Roads & Highways,225.41,46.0,Roads & Highways,5.422347514964887
618016,4.0,0,Roads & Highways,397.44,62.0,Roads & Highways,5.987556922276965
618017,1.0,1,Roads & Highways,286.0,46.0,Roads & Highways,5.659482215759621
618018,1.0,1,Roads & Highways,351.19,40.0,Roads & Highways,5.864170802700472
618019,9.0,1,POWER,365.21,38.0,POWER,5.903206939349818
618020,6.0,1,POWER,386.49,35.0,POWER,5.959690042008797
618021,2.0,1,Roads & Highways,425.97,17.0,Roads & Highways,6.056713753149202
618022,2.0,1,Roads & Highways,173.06,32.0,Roads & Highways,5.159400067361368
618023,6.0,1,RAILWAYS,152.58,19.0,RAILWAYS,5.034221603902398
618024,6.0,1,RAILWAYS,263.19,31.0,RAILWAYS,5.576668541258341
618025,6.0,1,RAILWAYS,192.67,16.0,RAILWAYS,5.26615567973964
618026,9.0,1,RAILWAYS,605.08,33.0,RAILWAYS,6.407011990557659
618027,3.0,1,Roads & Highways,445.62,37.0,Roads & Highways,6.101708121206741
618028,4.0,0,Roads & Highways,333.96,52.0,Roads & Highways,5.814011121710887
618029,9.0,1,POWER,350.69,24.0,POWER,5.8627501057518465
618030,6.0,1,POWER,166.58,36.0,POWER,5.121460849185141
618031,6.0,1,POWER,516.96,30.0,POWER,6.249898019200639
618033,6.0,1,POWER,496.47,81.0,POWER,6.209535253272901
618034,12.0,0,RAILWAYS,173.65,41.0,RAILWAYS,5.162783971252841
618035,2.0,1,Roads & Highways,275.4,38.0,Roads & Highways,5.621849091893515
618036,4.0,1,Roads & Highways,315.55,44.0,Roads & Highways,5.7574812069901355
618037,9.0,1,"DEPARTMENT
OF HIGHER
EDUCATION",439.82,29.0,"DEPARTMENT
OF HIGHER
EDUCATION",6.088636628860241
618038,5.0,0,Roads & Highways,224.44,46.0,Roads & Highways,5.4180540481503705
618039,5.0,0,Roads & Highways,346.82,51.0,Roads & Highways,5.851685104579697
618040,4.0,0,Roads & Highways,452.81,58.0,Roads & Highways,6.117678608242217
618041,5.0,0,Roads & Highways,299.31,70.0,Roads & Highways,5.70481527446815
618042,9.0,1,POWER,163.86,38.0,POWER,5.105096628885081
618043,4.0,1,Roads & Highways,492.12,52.0,Roads & Highways,6.200752552131751
618044,2.0,0,Roads & Highways,851.4,49.0,Roads & Highways,6.748055900224462
618045,11.0,0,POWER,179.19,33.0,POWER,5.194011849738723
618046,11.0,0,POWER,213.32,21.0,POWER,5.367470225236353
618047,4.0,0,Roads & Highways,657.16,38.0,Roads & Highways,6.489448062860675
618049,4.0,1,Roads & Highways,183.41,28.0,Roads & Highways,5.217161539587027
618050,6.0,1,RAILWAYS,345.89,7.0,RAILWAYS,5.84900772680898
618051,6.0,1,Roads & Highways,242.8,35.0,Roads & Highways,5.496348217047172
618052,5.0,0,Roads & Highways,808.7,34.0,Roads & Highways,6.696663808692069
618053,5.0,0,Roads & Highways,1019.97,34.0,Roads & Highways,6.928508434775093
618054,9.0,1,POWER,515.69,38.0,POWER,6.247443081515765
618055,10.0,1,POWER,225.17,32.0,POWER,5.42128692889172
618056,6.0,1,POWER,509.65,44.0,POWER,6.235684424024108
618057,9.0,1,POWER,189.31,31.0,POWER,5.248654321528936
618059,9.0,1,POWER,328.11,30.0,POWER,5.796392041388594
618060,9.0,1,PETROLEUM,315.21,30.0,PETROLEUM,5.756406549828742
618061,5.0,0,Roads & Highways,386.16,30.0,Roads & Highways,5.9588380442808875
618062,6.0,1,"DEPARTMENT
OF HIGHER
EDUCATION",244.83,13.0,"DEPARTMENT
OF HIGHER
EDUCATION",5.504640240131903
618063,6.0,1,POWER,262.37,54.0,POWER,5.573559887606227
618064,11.0,0,POWER,278.97,50.0,POWER,5.634682454571901
618065,9.0,1,POWER,316.44,42.0,POWER,5.7602888240965076
618066,12.0,0,POWER,283.86,50.0,POWER,5.65199783150644
618067,5.0,0,Roads & Highways,1086.3,54.0,Roads & Highways,6.9914528380037035
618068,9.0,1,POWER,158.36,43.0,POWER,5.071165793836288
618069,12.0,0,RAILWAYS,334.64,31.0,RAILWAYS,5.816039157001868
618070,6.0,1,RAILWAYS,294.28,6.0,RAILWAYS,5.687924058721743
618071,6.0,1,RAILWAYS,385.15,31.0,RAILWAYS,5.956225895015272
618072,7.0,1,RAILWAYS,297.24,40.0,RAILWAYS,5.697898531497226
618073,6.0,1,PETROLEUM,226.15,24.0,PETROLEUM,5.4256105922054125
618074,9.0,1,PETROLEUM,624.43,33.0,PETROLEUM,6.438439413172899
618075,9.0,1,POWER,840.93,50.0,POWER,6.735696875394464
618076,12.0,0,"DEPARTMENT
OF HIGHER
EDUCATION",504.0,41.0,"DEPARTMENT
OF HIGHER
EDUCATION",6.22455842927536
618078,6.0,1,POWER,193.16,33.0,POWER,5.268682561418346
618079,3.0,0,Roads & Highways,172.66,43.0,Roads & Highways,5.157099364632499
618080,12.0,1,PETROLEUM,353.27,50.0,PETROLEUM,5.8700593342813
618081,6.0,1,POWER,438.24,29.0,POWER,6.085045960729513
618082,9.0,1,POWER,395.62,38.0,POWER,5.982978643457684
618083,1.0,1,Roads & Highways,458.78,47.0,Roads & Highways,6.130748114210368
618084,6.0,1,PETROLEUM,153.01,42.0,PETROLEUM,5.037017535370374
618085,6.0,1,POWER,305.12,34.0,POWER,5.72397718194172
618086,5.0,0,Roads & Highways,617.28,46.0,Roads & Highways,6.426941429284118
618087,9.0,1,POWER,255.88,17.0,POWER,5.548609049781258
618088,4.0,0,Roads & Highways,325.79,27.0,Roads & Highways,5.7893177627624635
618089,9.0,1,POWER,206.54,32.0,POWER,5.3353240921771325
618090,7.0,1,POWER,545.64,41.0,POWER,6.303790450472523
618091,1.0,1,Roads & Highways,512.98,47.0,Roads & Highways,6.242184354192295
618092,12.0,0,RAILWAYS,606.61,43.0,RAILWAYS,6.409533228782365
618093,11.0,0,RAILWAYS,838.43,43.0,RAILWAYS,6.732723090074991
618095,3.0,1,Roads & Highways,196.05,37.0,Roads & Highways,5.283457503641013
618096,2.0,1,Roads & Highways,181.45,26.0,Roads & Highways,5.206476162882456
618097,7.0,1,POWER,407.19,28.0,POWER,6.01173275228047
618098,6.0,1,POWER,167.97,29.0,POWER,5.129721184372558
618099,3.0,0,Roads & Highways,164.13,25.0,Roads & Highways,5.106733042474897
618101,4.0,0,Roads & Highways,881.61,30.0,Roads & Highways,6.782883426932149
618103,2.0,1,Roads & Highways,279.29,49.0,Roads & Highways,5.635824781472974
618104,9.0,1,RAILWAYS,886.69,40.0,RAILWAYS,6.788622582943796
618105,6.0,1,RAILWAYS,631.49,24.0,RAILWAYS,6.449664410200012
618106,9.0,1,RAILWAYS,703.68,36.0,RAILWAYS,6.557743799058939
618107,5.0,0,Roads & Highways,1155.21,52.0,Roads & Highways,7.052902693633634
618108,9.0,1,COAL,237.28,15.0,COAL,5.473446452760487
618109,9.0,1,POWER,355.72,24.0,POWER,5.876951160319221
618110,6.0,1,POWER,307.11,30.0,POWER,5.730456862070388
618111,9.0,1,POWER,403.36,43.0,POWER,6.0023055702858565
618112,12.0,0,POWER,912.5,56.0,POWER,6.817283375818062
618113,12.0,0,POWER,587.97,56.0,POWER,6.378375248568339
618114,2.0,0,Roads & Highways,1192.33,65.0,Roads & Highways,7.084502997426646
618116,5.0,0,Roads & Highways,1679.75,62.0,Roads & Highways,7.426995401349146
618117,4.0,1,Roads & Highways,154.89,27.0,Roads & Highways,5.04915063032459
618118,6.0,1,RAILWAYS,174.34,28.0,RAILWAYS,5.1667269461604395
618119,4.0,0,Roads & Highways,472.23,59.0,Roads & Highways,6.159581528234976
618120,4.0,0,Roads & Highways,1060.16,64.0,Roads & Highways,6.967117928375644
618121,9.0,1,PETROLEUM,427.29,34.0,PETROLEUM,6.059800536228278
618122,3.0,0,Roads & Highways,172.09,55.0,Roads & Highways,5.153811690438308
618123,12.0,0,PETROLEUM,423.18,41.0,PETROLEUM,6.0501578934472
618124,9.0,1,POWER,343.54,43.0,POWER,5.842210194018223
618125,2.0,1,Roads & Highways,228.32,24.0,Roads & Highways,5.435118408040182
618126,4.0,1,Roads & Highways,479.37,49.0,Roads & Highways,6.17455664029584
618127,5.0,0,Roads & Highways,255.73,50.0,Roads & Highways,5.5480249489877975
618129,4.0,0,Roads & Highways,467.93,45.0,Roads & Highways,6.1504535035754895
618130,3.0,1,Roads & Highways,490.92,43.0,Roads & Highways,6.198316101645214
618132,5.0,0,Roads & Highways,206.13,28.0,Roads & Highways,5.333346615467431
618133,3.0,1,Roads & Highways,280.57,38.0,Roads & Highways,5.640381084517819
618134,5.0,0,Roads & Highways,459.39,43.0,Roads & Highways,6.132073956368573
618136,3.0,1,Roads & Highways,224.44,30.0,Roads & Highways,5.4180540481503705
618137,4.0,0,Roads & Highways,540.35,38.0,Roads & Highways,6.294066019756907
618138,4.0,0,Roads & Highways,349.57,32.0,Roads & Highways,5.859560401227616
618139,4.0,0,Roads & Highways,355.12,30.0,Roads & Highways,5.87526775270547
618140,4.0,0,Roads & Highways,445.76,51.0,Roads & Highways,6.102021537672626
618141,3.0,1,Roads & Highways,423.48,35.0,Roads & Highways,6.0508648903894295
618142,4.0,1,Roads & Highways,244.54,28.0,Roads & Highways,5.503459866752694
618143,5.0,0,Roads & Highways,197.0,31.0,Roads & Highways,5.288267030694535
618144,6.0,1,RAILWAYS,292.24,28.0,RAILWAYS,5.680991386355386
618145,6.0,1,PETROLEUM,277.5,19.0,PETROLEUM,5.629418059367339
618146,6.0,1,POWER,486.45,18.0,POWER,6.189187721075281
618147,1.0,1,Roads & Highways,166.58,32.0,Roads & Highways,5.121460849185141
618148,1.0,0,Roads & Highways,785.79,61.0,Roads & Highways,6.667961376723916
618149,4.0,0,Roads & Highways,957.09,47.0,Roads & Highways,6.864941719278488
618150,4.0,0,Roads & Highways,761.83,38.0,Roads & Highways,6.637035201741581
618151,1.0,0,Roads & Highways,1084.29,74.0,Roads & Highways,6.98960251136732
618152,6.0,1,PETROLEUM,2026.05,48.0,PETROLEUM,7.614336813143335
618153,3.0,1,Roads & Highways,653.46,31.0,Roads & Highways,6.4838104681271025
618154,3.0,1,Roads & Highways,157.62,28.0,Roads & Highways,5.066511404655174
618155,4.0,1,Roads & Highways,396.17,28.0,Roads & Highways,5.984364400617675
618156,5.0,0,Roads & Highways,492.66,44.0,Roads & Highways,6.201847021119578
618157,2.0,1,Roads & Highways,348.06,39.0,Roads & Highways,5.8552438271966905
618158,4.0,0,Roads & Highways,416.96,45.0,Roads & Highways,6.03538573416591
618159,5.0,0,Roads & Highways,382.1,37.0,Roads & Highways,5.9482960517066035
618160,5.0,0,Roads & Highways,1019.17,33.0,Roads & Highways,6.927724559057638
618161,6.0,1,RAILWAYS,989.66,37.0,RAILWAYS,6.898371387671796
618162,5.0,0,Roads & Highways,2008.7,56.0,Roads & Highways,7.605740736182332
618163,3.0,1,Roads & Highways,809.25,33.0,Roads & Highways,6.697342842021657
618164,5.0,1,Roads & Highways,1141.67,51.0,Roads & Highways,7.041122908198164
618165,3.0,1,Roads & Highways,1156.72,48.0,Roads & Highways,7.054207832695181
618166,3.0,1,Roads & Highways,697.66,45.0,Roads & Highways,6.549164214742565
618167,4.0,1,Roads & Highways,264.86,29.0,Roads & Highways,5.582969854439453
618168,3.0,1,Roads & Highways,917.91,46.0,Roads & Highways,6.823188185024619
618169,3.0,1,Roads & Highways,640.18,44.0,Roads & Highways,6.463310228733024
618170,1.0,1,Roads & Highways,214.07,30.0,Roads & Highways,5.370963556532891
618171,1.0,1,Roads & Highways,352.69,46.0,Roads & Highways,5.868420823264403
618172,6.0,1,POWER,341.8,27.0,POWER,5.837147186723625
618173,6.0,1,POWER,381.77,28.0,POWER,5.947434286601761
618174,4.0,0,Roads & Highways,226.58,31.0,Roads & Highways,5.4275018249288625
618175,9.0,1,POWER,428.8,26.0,POWER,6.06331998420841
618176,2.0,1,Roads & Highways,349.08,34.0,Roads & Highways,5.858161699793562
618177,6.0,1,POWER,227.19,21.0,POWER,5.430178615258333
618178,2.0,1,Roads & Highways,162.67,28.0,Roads & Highways,5.097852205517793
618179,4.0,1,Roads & Highways,181.58,23.0,Roads & Highways,5.207188433136935
618180,9.0,1,POWER,223.46,21.0,POWER,5.41369751758811
618181,9.0,1,POWER,153.79,28.0,POWER,5.042069359585786
618182,4.0,0,Roads & Highways,499.88,45.0,Roads & Highways,6.216366551437055
618183,4.0,0,Roads & Highways,399.01,46.0,Roads & Highways,5.991489546795487
618184,2.0,1,Roads & Highways,313.56,37.0,Roads & Highways,5.751174836958802
618185,5.0,0,Roads & Highways,394.95,56.0,Roads & Highways,5.981287940656421
618186,6.0,1,RAILWAYS,549.28,35.0,RAILWAYS,6.310427239592795
618187,5.0,0,Roads & Highways,947.15,53.0,Roads & Highways,6.854512717586418
618188,6.0,1,POWER,253.78,26.0,POWER,5.540400427681641
618189,4.0,0,Roads & Highways,613.65,46.0,Roads & Highways,6.42105300011335
618190,10.0,1,RAILWAYS,644.45,36.0,RAILWAYS,6.469947747952719
618191,9.0,1,"DEPARTMENT
OF HIGHER
EDUCATION",403.22,36.0,"DEPARTMENT
OF HIGHER
EDUCATION",6.001959284200623
618192,9.0,1,"DEPARTMENT
OF HIGHER
EDUCATION",423.67,40.0,"DEPARTMENT
OF HIGHER
EDUCATION",6.0513123967267575
618193,1.0,1,Roads & Highways,368.63,35.0,Roads & Highways,5.912502505304687
618194,6.0,1,"DEPARTMENT
OF HIGHER
EDUCATION",289.67,5.0,"DEPARTMENT
OF HIGHER
EDUCATION",5.672188603065022
618196,6.0,1,RAILWAYS,578.85,35.0,RAILWAYS,6.3627694494027125
618197,6.0,1,RAILWAYS,882.18,36.0,RAILWAYS,6.783529030338895
618198,6.0,1,POWER,381.08,22.0,POWER,5.945630010764183
618199,12.0,1,POWER,723.13,41.0,POWER,6.5849709342781555
618200,6.0,1,RAILWAYS,317.74,37.0,RAILWAYS,5.764375723431487
618201,3.0,1,Roads & Highways,702.1,38.0,Roads & Highways,6.555499129205115
618202,11.0,1,POWER,992.43,42.0,POWER,6.901163601532742
618203,11.0,1,POWER,980.21,40.0,POWER,6.88878650393452
618204,9.0,1,"ROAD
TRANSPORT
AND
HIGHWAYS",426.14,43.0,Other,6.057111828343837
618205,9.0,1,POWER,832.46,38.0,POWER,6.725585710637353
618206,4.0,0,Roads & Highways,1404.94,38.0,Roads & Highways,7.248461397206838
618207,1.0,1,Roads & Highways,573.96,60.0,Roads & Highways,6.354300473160187
618208,3.0,0,Roads & Highways,180.1,32.0,Roads & Highways,5.199049364889368
618209,1.0,1,Roads & Highways,258.85,42.0,Roads & Highways,5.560104541454451
618210,1.0,1,Roads & Highways,603.92,39.0,Roads & Highways,6.40509621788254
618211,4.0,0,Roads & Highways,649.6,54.0,Roads & Highways,6.477895014039251
618212,5.0,0,Roads & Highways,197.26,39.0,Roads & Highways,5.289579300604752
618213,1.0,1,Roads & Highways,273.76,34.0,Roads & Highways,5.61589798934568
618214,1.0,1,Roads & Highways,346.5,40.0,Roads & Highways,5.850764665004847
618215,4.0,0,Roads & Highways,274.36,72.0,Roads & Highways,5.618079332463229
618216,10.0,1,RAILWAYS,230.54,63.0,RAILWAYS,5.444752644777583
618217,10.0,1,RAILWAYS,314.67,62.0,RAILWAYS,5.754697364124307
618218,1.0,1,Roads & Highways,338.38,31.0,Roads & Highways,5.82712042354468
618219,1.0,1,Roads & Highways,292.76,43.0,Roads & Highways,5.682763107432126
618220,7.0,1,POWER,642.24,40.0,POWER,6.466517904985824
618221,11.0,1,POWER,734.64,58.0,POWER,6.600740868630781
618222,9.0,1,POWER,562.45,39.0,POWER,6.334078598398358
618223,9.0,1,POWER,152.93,42.0,POWER,5.036497953621983
618224,2.0,1,Roads & Highways,796.97,53.0,Roads & Highways,6.682071002758175
618225,9.0,1,POWER,395.25,41.0,POWER,5.98204532519149
618226,9.0,1,POWER,272.49,52.0,POWER,5.611265058122292
618227,9.0,1,POWER,995.04,42.0,POWER,6.903787417420752
618228,6.0,1,PETROLEUM,2926.42,67.0,PETROLEUM,7.981876768027601
618229,6.0,1,POWER,211.09,51.0,POWER,5.357010712887255
618230,9.0,1,RAILWAYS,314.32,56.0,RAILWAYS,5.753587996191707
618231,9.0,1,RAILWAYS,371.93,52.0,RAILWAYS,5.921390734471734
618232,1.0,1,Roads & Highways,251.62,69.0,Roads & Highways,5.531886383345829
618233,6.0,1,POWER,1948.25,67.0,POWER,7.57519996218971
618234,6.0,1,PETROLEUM,1478.4,69.0,PETROLEUM,7.2993918791537675
618235,4.0,0,Roads & Highways,278.1,23.0,Roads & Highways,5.6315701405422764
618236,1.0,1,Roads & Highways,316.06,27.0,Roads & Highways,5.759091030415082
618237,6.0,1,"DEPARTMENT
OF HIGHER
EDUCATION",263.45,8.0,"DEPARTMENT
OF HIGHER
EDUCATION",5.577652197511989
618238,6.0,1,"DEPARTMENT
OF HIGHER
EDUCATION",350.61,5.0,"DEPARTMENT
OF HIGHER
EDUCATION",5.862522606817267
618239,1.0,1,Roads & Highways,445.22,30.0,Roads & Highways,6.100812103943264
618240,6.0,1,POWER,236.47,47.0,POWER,5.470041299706711
618242,1.0,1,Roads & Highways,300.46,44.0,Roads & Highways,5.708637337382383
618243,12.0,0,POWER,1138.72,54.0,POWER,7.038537897185386
618244,12.0,0,POWER,1273.72,62.0,POWER,7.150481825632056
618246,12.0,1,PETROLEUM,1110.23,82.0,PETROLEUM,7.013222788915872
618247,5.0,0,Roads & Highways,1708.62,58.0,Roads & Highways,7.444026402579467
618248,5.0,0,Roads & Highways,1653.15,56.0,Roads & Highways,7.411042560709827
618249,12.0,0,POWER,1511.57,48.0,POWER,7.3215654698258
618250,9.0,1,PETROLEUM,3064.45,46.0,PETROLEUM,8.027949656516796
618251,1.0,1,Roads & Highways,1661.25,60.0,Roads & Highways,7.415927385282564
618252,12.0,0,POWER,974.19,64.0,POWER,6.882632323807678
618253,2.0,0,Roads & Highways,870.95,69.0,Roads & Highways,6.770732082815469
618254,6.0,1,"DEPARTMENT
OF HIGHER
EDUCATION",244.43,12.0,"DEPARTMENT
OF HIGHER
EDUCATION",5.503011774193717
618255,9.0,1,"DEPARTMENT
OF HIGHER
EDUCATION",361.24,27.0,"DEPARTMENT
OF HIGHER
EDUCATION",5.892306975574764
618256,9.0,1,"DEPARTMENT
OF HIGHER
EDUCATION",311.22,50.0,"DEPARTMENT
OF HIGHER
EDUCATION",5.74370806752852
618257,6.0,1,"DEPARTMENT
OF HIGHER
EDUCATION",349.29,47.0,"DEPARTMENT
OF HIGHER
EDUCATION",5.85876138283622
618258,6.0,1,"DEPARTMENT
OF HIGHER
EDUCATION",296.66,37.0,"DEPARTMENT
OF HIGHER
EDUCATION",5.695951895541013
618259,6.0,1,"DEPARTMENT
OF HIGHER
EDUCATION",222.61,7.0,"DEPARTMENT
OF HIGHER
EDUCATION",5.409903463000054
618260,5.0,0,Roads & Highways,1348.06,68.0,Roads & Highways,7.207163332609325
618262,5.0,0,Roads & Highways,1734.7,52.0,Roads & Highways,7.459166069226836
618263,12.0,1,POWER,701.02,40.0,POWER,6.553961893648468
618264,5.0,0,Roads & Highways,2061.86,60.0,Roads & Highways,7.631848648432096
618265,6.0,1,POWER,172.5,51.0,POWER,5.156177599386914
618266,9.0,1,POWER,325.24,55.0,POWER,5.787633306826145
618267,1.0,0,Roads & Highways,1590.2,62.0,Roads & Highways,7.372243727539763
618282,9.0,1,RAILWAYS,1264.9,39.0,RAILWAYS,7.143538610642783
618283,9.0,1,RAILWAYS,1000.27,39.0,RAILWAYS,6.909024473214282
618284,12.0,0,RAILWAYS,1457.59,45.0,RAILWAYS,7.285225494637422
618285,6.0,1,RAILWAYS,286.72,34.0,RAILWAYS,5.661987784999155
618286,6.0,1,RAILWAYS,746.76,39.0,RAILWAYS,6.617082070874328
618287,12.0,0,RAILWAYS,1338.61,43.0,RAILWAYS,7.200133805807087
618288,12.0,0,RAILWAYS,1081.15,42.0,RAILWAYS,6.9867050819605385
618289,6.0,1,RAILWAYS,220.2,33.0,RAILWAYS,5.39906726964818
618290,6.0,1,RAILWAYS,202.36,20.0,RAILWAYS,5.314977807441144
618291,7.0,1,RAILWAYS,159.85,26.0,RAILWAYS,5.080472253685035
618292,6.0,1,RAILWAYS,277.44,25.0,RAILWAYS,5.629202596300466
618293,12.0,0,RAILWAYS,232.29,20.0,RAILWAYS,5.452282314842547
618294,5.0,0,Roads & Highways,801.07,54.0,Roads & Highways,6.687195885853192
618295,12.0,0,"DEPARTMENT
OF HIGHER
EDUCATION",705.83,48.0,"DEPARTMENT
OF HIGHER
EDUCATION",6.5607901843665175
618296,9.0,1,RAILWAYS,330.8,20.0,RAILWAYS,5.8045323777563445
618297,6.0,1,RAILWAYS,355.79,27.0,RAILWAYS,5.877147373407264
618298,6.0,1,RAILWAYS,211.7,22.0,RAILWAYS,5.3598827222061916
618299,3.0,1,Roads & Highways,268.98,69.0,Roads & Highways,5.598347882180681
618300,6.0,1,RAILWAYS,379.39,20.0,RAILWAYS,5.941197042207926
618301,4.0,0,Roads & Highways,228.97,71.0,Roads & Highways,5.43794886563323
618302,6.0,1,RAILWAYS,217.5,27.0,RAILWAYS,5.3867860145356445
618303,6.0,1,RAILWAYS,261.13,27.0,RAILWAYS,5.5688405639090215
618304,9.0,1,RAILWAYS,164.89,39.0,RAILWAYS,5.1113249181041835
618305,12.0,1,RAILWAYS,554.66,45.0,RAILWAYS,6.320156596410232
618306,9.0,1,RAILWAYS,564.05,48.0,RAILWAYS,6.3369142228061595
618307,6.0,1,Roads & Highways,456.88,35.0,Roads & Highways,6.126607141050275
618308,12.0,0,RAILWAYS,728.97,47.0,RAILWAYS,6.593003437407567
618309,5.0,0,Roads & Highways,1319.55,42.0,Roads & Highways,7.185803595465632
618310,12.0,0,RAILWAYS,791.79,36.0,RAILWAYS,6.6755583694145315
618311,12.0,0,RAILWAYS,870.0,36.0,RAILWAYS,6.769641976852503
618312,12.0,0,RAILWAYS,1258.13,44.0,RAILWAYS,7.138176285266576
618313,5.0,0,Roads & Highways,1181.55,42.0,Roads & Highways,7.075428402770272
618314,12.0,0,RAILWAYS,1716.21,41.0,RAILWAYS,7.448456159766946
618315,12.0,0,RAILWAYS,1256.9,41.0,RAILWAYS,7.137198942844827
618316,3.0,1,Roads & Highways,491.39,61.0,Roads & Highways,6.1992710854119535
618317,3.0,1,Roads & Highways,561.91,61.0,Roads & Highways,6.333119757456968
618318,3.0,1,Roads & Highways,720.4,68.0,Roads & Highways,6.581193768469438
618319,3.0,1,Roads & Highways,595.65,61.0,Roads & Highways,6.391330676815665
618320,5.0,0,Roads & Highways,866.32,56.0,Roads & Highways,6.765407997496017
618321,5.0,0,Roads & Highways,875.79,57.0,Roads & Highways,6.776267511019223
618323,5.0,0,Roads & Highways,1313.28,59.0,Roads & Highways,7.181044266146279
618324,5.0,0,Roads & Highways,720.72,69.0,Roads & Highways,6.581637252040098
618325,6.0,1,Roads & Highways,204.1,32.0,Roads & Highways,5.323497665078335
618326,6.0,1,RAILWAYS,625.64,34.0,RAILWAYS,6.440372213058983
618327,5.0,0,Roads & Highways,625.64,34.0,Roads & Highways,6.440372213058983
618328,6.0,1,Roads & Highways,562.98,114.0,Roads & Highways,6.335018789876395
618329,5.0,0,Roads & Highways,819.39,43.0,Roads & Highways,6.709779836947925
618330,3.0,1,Roads & Highways,511.02,56.0,Roads & Highways,6.238363686776588
618331,12.0,0,RAILWAYS,957.95,48.0,RAILWAYS,6.865838935880846
618333,3.0,1,Roads & Highways,760.16,35.0,Roads & Highways,6.634843585433806
618334,3.0,1,Roads & Highways,504.76,38.0,Roads & Highways,6.226062248467308
618335,3.0,1,Roads & Highways,410.68,29.0,Roads & Highways,6.020246348533434
618336,3.0,1,Roads & Highways,579.63,27.0,Roads & Highways,6.364113720941144
618337,3.0,1,Roads & Highways,467.0,24.0,Roads & Highways,6.148468295917647
618338,9.0,1,RAILWAYS,195.14,60.0,RAILWAYS,5.2788286899641745
618339,6.0,0,Roads & Highways,356.65,47.0,Roads & Highways,5.879554854554393
618340,6.0,1,RAILWAYS,1269.96,38.0,RAILWAYS,7.147527799411768
618341,5.0,0,Roads & Highways,523.78,41.0,Roads & Highways,6.262979127147586
618342,5.0,0,Roads & Highways,206.9,27.0,Roads & Highways,5.337057194863967
618343,5.0,0,Roads & Highways,292.23,27.0,Roads & Highways,5.680957284014257
618344,3.0,1,Roads & Highways,673.27,29.0,Roads & Highways,6.513630624167974
618345,3.0,1,Roads & Highways,365.53,26.0,Roads & Highways,5.90408037336555
618346,6.0,1,RAILWAYS,292.24,27.0,RAILWAYS,5.680991386355386
618347,6.0,1,RAILWAYS,216.49,24.0,RAILWAYS,5.382152872460269
618348,5.0,0,Roads & Highways,177.76,77.0,Roads & Highways,5.18604412406525
618349,5.0,0,Roads & Highways,204.12,76.0,Roads & Highways,5.323595173732305
618350,9.0,1,PETROLEUM,920.66,33.0,PETROLEUM,6.826176391989109
618351,9.0,1,RAILWAYS,890.33,29.0,RAILWAYS,6.792714729271005
618352,9.0,1,RAILWAYS,860.37,29.0,RAILWAYS,6.7585241449877635
618353,9.0,1,RAILWAYS,904.04,29.0,RAILWAYS,6.807979141618211
618354,9.0,1,RAILWAYS,846.82,27.0,RAILWAYS,6.742668349109737
618355,6.0,1,RAILWAYS,483.87,20.0,RAILWAYS,6.183880813770897
618356,6.0,1,RAILWAYS,234.08,21.0,RAILWAYS,5.45992588174445
618357,6.0,1,RAILWAYS,477.86,21.0,RAILWAYS,6.171408279115973
618358,6.0,1,RAILWAYS,311.18,20.0,RAILWAYS,5.743579944530267
618359,6.0,1,RAILWAYS,665.47,48.0,RAILWAYS,6.501995127352913
618362,6.0,1,RAILWAYS,698.44,21.0,RAILWAYS,6.5502800148726354
618363,6.0,1,RAILWAYS,740.58,22.0,RAILWAYS,6.608783045171694
618364,12.0,0,RAILWAYS,430.24,38.0,RAILWAYS,6.066664779670917
618365,12.0,0,RAILWAYS,497.18,38.0,RAILWAYS,6.210961457501995
618366,12.0,0,RAILWAYS,442.54,38.0,RAILWAYS,6.094787989339883
618367,11.0,1,PETROLEUM,726.9,35.0,PETROLEUM,6.590163676124212
618368,11.0,1,PETROLEUM,670.9,32.0,PETROLEUM,6.510109519926104
618369,11.0,1,PETROLEUM,657.21,32.0,PETROLEUM,6.489524029344299
618370,9.0,1,PETROLEUM,431.78,30.0,PETROLEUM,6.070229515743637
618371,6.0,1,RAILWAYS,613.89,35.0,RAILWAYS,6.421443390020222
618372,6.0,1,RAILWAYS,909.02,34.0,RAILWAYS,6.8134665772913605
618373,6.0,1,RAILWAYS,4997.04,94.0,RAILWAYS,8.516801114564153
618374,6.0,1,"DEPARTMENT
OF HIGHER
EDUCATION",284.21,37.0,"DEPARTMENT
OF HIGHER
EDUCATION",5.653225751039049
618375,6.0,1,"DEPARTMENT
OF HIGHER
EDUCATION",445.51,37.0,"DEPARTMENT
OF HIGHER
EDUCATION",6.101461796482331
618376,6.0,1,"DEPARTMENT
OF HIGHER
EDUCATION",525.68,37.0,"DEPARTMENT
OF HIGHER
EDUCATION",6.2665931534881425
618377,10.0,1,"DEPARTMENT
OF HIGHER
EDUCATION",351.12,37.0,"DEPARTMENT
OF HIGHER
EDUCATION",5.863972026592705
618379,11.0,1,RAILWAYS,473.18,72.0,RAILWAYS,6.161586996444939
618380,6.0,1,RAILWAYS,519.09,72.0,RAILWAYS,6.254001873522467
618381,6.0,1,RAILWAYS,518.53,74.0,RAILWAYS,6.252924556706396
618382,6.0,1,RAILWAYS,404.29,84.0,RAILWAYS,6.00460286024821
618383,6.0,1,RAILWAYS,428.11,77.0,RAILWAYS,6.061713296316936
618384,6.0,1,RAILWAYS,537.82,72.0,RAILWAYS,6.289381563372166
618385,6.0,1,PETROLEUM,174.43,73.0,PETROLEUM,5.1672401029410935
618386,5.0,0,Roads & Highways,277.5,23.0,Roads & Highways,5.629418059367339
618387,9.0,1,RAILWAYS,578.98,35.0,RAILWAYS,6.3629936201873
618388,6.0,1,RAILWAYS,315.56,40.0,RAILWAYS,5.757512797077169
618389,6.0,1,RAILWAYS,310.76,29.0,RAILWAYS,5.742233661030454
618390,6.0,1,RAILWAYS,1383.78,52.0,RAILWAYS,7.23329656123893
618391,9.0,1,RAILWAYS,250.33,24.0,RAILWAYS,5.526766816652428
618392,11.0,1,RAILWAYS,259.64,30.0,RAILWAYS,5.563140144853735
618393,12.0,1,RAILWAYS,216.88,24.0,RAILWAYS,5.383944452515474
618394,6.0,1,POWER,228.39,21.0,POWER,5.435423611766036
618395,6.0,1,POWER,512.43,19.0,POWER,6.241113700699456
618396,5.0,0,Roads & Highways,486.45,7.0,Roads & Highways,6.189187721075281
618397,4.0,1,Roads & Highways,255.9,32.0,Roads & Highways,5.548686904115838
618398,6.0,1,POWER,210.79,21.0,POWER,5.35559521769951
618399,6.0,1,POWER,859.67,25.0,POWER,6.75771115569767
618400,9.0,1,POWER,398.51,21.0,POWER,5.9902387961821635
618401,5.0,0,Roads & Highways,1418.67,53.0,Roads & Highways,7.258179729221355
618402,10.0,1,POWER,1262.43,48.0,POWER,7.141585523631471
618403,12.0,0,POWER,275.5,35.0,POWER,5.6222108209623896
618404,4.0,0,Roads & Highways,625.61,47.0,Roads & Highways,6.440324337535335
618405,12.0,0,POWER,898.19,42.0,POWER,6.801494358081147
618406,6.0,1,POWER,253.44,40.0,POWER,5.539065051810604
618407,9.0,1,POWER,245.34,30.0,POWER,5.506712695513338
618408,6.0,1,"ROAD
TRANSPORT
AND
HIGHWAYS",398.37,22.0,Other,5.989888305491614
618409,6.0,1,"ROAD
TRANSPORT
AND
HIGHWAYS",381.01,29.0,Other,5.945446786274408
618410,6.0,1,"ROAD
TRANSPORT
AND
HIGHWAYS",404.89,22.0,Other,6.006082186931363
618411,6.0,1,PETROLEUM,195.95,18.0,PETROLEUM,5.282949889416915
618412,6.0,1,POWER,6808.69,73.0,POWER,8.826101876815216
618413,6.0,1,RAILWAYS,177.77,52.0,RAILWAYS,5.186100063426998
618414,12.0,0,RAILWAYS,258.52,20.0,RAILWAYS,5.558833770927048
618415,6.0,1,RAILWAYS,188.36,22.0,RAILWAYS,5.243649965205728
618416,6.0,1,RAILWAYS,226.32,22.0,RAILWAYS,5.426358716428921
618417,6.0,0,Roads & Highways,2026.05,48.0,Roads & Highways,7.614336813143335
618418,6.0,1,"DEPARTMENT
OF HIGHER
EDUCATION",359.86,32.0,"DEPARTMENT
OF HIGHER
EDUCATION",5.8884900714801525
618419,12.0,0,"DEPARTMENT
OF HIGHER
EDUCATION",562.48,42.0,"DEPARTMENT
OF HIGHER
EDUCATION",6.334131840392106
618420,12.0,0,"DEPARTMENT
OF HIGHER
EDUCATION",686.0,42.0,"DEPARTMENT
OF HIGHER
EDUCATION",6.532334292222349
618421,12.0,0,"DEPARTMENT
OF HIGHER
EDUCATION",620.3,42.0,"DEPARTMENT
OF HIGHER
EDUCATION",6.431814057069648
618422,6.0,1,RAILWAYS,161.73,29.0,RAILWAYS,5.092092385672523
618423,6.0,1,RAILWAYS,215.79,45.0,RAILWAYS,5.378929143040425
618424,1.0,0,Roads & Highways,256.66,76.0,Roads & Highways,5.551640886363379
618426,1.0,1,Roads & Highways,264.84,76.0,Roads & Highways,5.582894624046339
618427,6.0,1,RAILWAYS,311.0,32.0,RAILWAYS,5.7430031878094825
618428,1.0,1,Roads & Highways,264.84,27.0,Roads & Highways,5.582894624046339
618429,6.0,1,RAILWAYS,345.38,33.0,RAILWAYS,5.847536438300897
618430,6.0,1,RAILWAYS,402.94,37.0,RAILWAYS,6.0012663520802425
618431,6.0,1,RAILWAYS,295.97,32.0,RAILWAYS,5.693631123599825
618432,6.0,1,POWER,228.71,20.0,POWER,5.436817643793142
618433,6.0,1,POWER,184.88,20.0,POWER,5.2251013042167775
618434,6.0,1,POWER,1718.59,60.0,POWER,7.449841169299332
618435,6.0,1,RAILWAYS,289.99,36.0,RAILWAYS,5.673288902319859
618436,6.0,1,RAILWAYS,520.01,341.0,RAILWAYS,6.255769235427133
618437,6.0,1,RAILWAYS,252.0,71.0,RAILWAYS,5.53338948872752
618439,7.0,1,RAILWAYS,437.39,98.0,RAILWAYS,6.08310892515467
618440,7.0,1,RAILWAYS,463.49,105.0,RAILWAYS,6.140940029496855
618441,6.0,1,Roads & Highways,467.79,116.0,Roads & Highways,6.1501549069772725
618442,5.0,1,Roads & Highways,358.72,7.0,Roads & Highways,5.8853259510463145
618443,5.0,1,Roads & Highways,438.44,7.0,Roads & Highways,6.085501189034365
618444,5.0,1,Roads & Highways,279.01,7.0,Roads & Highways,5.634825316817224
618445,4.0,0,Roads & Highways,353.9,88.0,Roads & Highways,5.871836059652451
618446,6.0,1,RAILWAYS,493.42,37.0,RAILWAYS,6.203385358399711
618447,6.0,1,RAILWAYS,410.6,38.0,RAILWAYS,6.020052003959894
618448,6.0,1,RAILWAYS,816.79,38.0,RAILWAYS,6.706605579927191
618449,6.0,1,RAILWAYS,230.45,32.0,RAILWAYS,5.444363867477279
618450,6.0,1,RAILWAYS,292.8,21.0,RAILWAYS,5.682899263739777
618452,9.0,1,RAILWAYS,781.85,46.0,RAILWAYS,6.662941106757532
618454,7.0,1,RAILWAYS,592.06,25.0,RAILWAYS,6.385295574317778
618455,3.0,1,Roads & Highways,693.97,55.0,Roads & Highways,6.54386867916551
618456,6.0,1,RAILWAYS,1119.35,42.0,RAILWAYS,7.021396415471186
618457,6.0,1,RAILWAYS,1272.97,35.0,RAILWAYS,7.149893287974162
618458,6.0,1,RAILWAYS,1788.69,42.0,RAILWAYS,7.489797699479117
618459,6.0,1,COAL,1542.02,41.0,COAL,7.341496814041958
618460,6.0,1,COAL,1198.55,38.0,COAL,7.089701765446009
618461,6.0,1,COAL,1669.56,46.0,COAL,7.4209141785418
618462,6.0,1,COAL,1604.06,54.0,COAL,7.380916418042952
618463,6.0,1,COAL,1161.39,43.0,COAL,7.058233509328497
618464,1.0,1,Roads & Highways,2271.86,43.0,Roads & Highways,7.728794229346754
618465,6.0,1,COAL,1710.3,37.0,COAL,7.445008594583406
618466,1.0,1,Roads & Highways,3834.24,32.0,Roads & Highways,8.251987293329528
618467,1.0,1,Roads & Highways,2594.17,27.0,Roads & Highways,7.861407304051566
618468,6.0,1,POWER,1260.0,24.0,POWER,7.13966033596492
618469,9.0,1,POWER,2747.0,24.0,POWER,7.91862865334224
618470,9.0,1,POWER,1124.0,18.0,POWER,7.025538314638521
618471,6.0,1,POWER,990.0,23.0,POWER,6.898714534329988
618472,9.0,1,POWER,1450.0,23.0,POWER,7.280008252884188
618473,9.0,1,POWER,2208.68,46.0,POWER,7.7006029876477005
618475,6.0,1,"DEPARTMENT
OF HIGHER
EDUCATION",1942.94,51.0,"DEPARTMENT
OF HIGHER
EDUCATION",7.572472120346545
618476,9.0,1,"DEPARTMENT
OF HIGHER
EDUCATION",1137.74,47.0,"DEPARTMENT
OF HIGHER
EDUCATION",7.037677666976883
618477,6.0,1,RAILWAYS,1023.91,43.0,RAILWAYS,6.932360082839386
618478,9.0,1,RAILWAYS,843.48,43.0,RAILWAYS,6.7387210533149595
618479,6.0,1,RAILWAYS,1155.49,45.0,RAILWAYS,7.053144834855035
618480,1.0,1,Roads & Highways,162.55,27.0,Roads & Highways,5.097118753984393
618481,9.0,1,RAILWAYS,2948.31,41.0,RAILWAYS,7.989326523670306
618482,1.0,1,Roads & Highways,1866.49,36.0,Roads & Highways,7.532350562240293
618483,1.0,1,Roads & Highways,1533.87,37.0,Roads & Highways,7.336200965881104
618484,6.0,1,POWER,1430.88,36.0,POWER,7.2667435451265865
618485,11.0,0,POWER,1306.95,35.0,POWER,7.176216304986807
618486,9.0,1,RAILWAYS,1741.86,40.0,RAILWAYS,7.463282721008953
618487,9.0,1,RAILWAYS,881.0,40.0,RAILWAYS,6.782192056006791
618488,6.0,1,Roads & Highways,1895.74,51.0,Roads & Highways,7.547891902028195
618489,9.0,1,RAILWAYS,1234.4,40.0,RAILWAYS,7.119150083261799
618490,6.0,1,Roads & Highways,2177.54,43.0,Roads & Highways,7.686410206646677
618491,6.0,1,Roads & Highways,2175.35,44.0,Roads & Highways,7.685404440629804
618492,9.0,1,RAILWAYS,853.66,38.0,RAILWAYS,6.750703729030016
618493,9.0,1,RAILWAYS,2165.23,75.0,RAILWAYS,7.680743608442476
618494,9.0,1,POWER,2714.95,35.0,POWER,7.906897079083505
618495,6.0,1,POWER,2474.47,34.0,POWER,7.814185555964158
618496,6.0,1,POWER,1821.72,36.0,POWER,7.508085169903447
618497,9.0,1,POWER,1107.0,32.0,POWER,7.010311867307229
618498,8.0,1,POWER,2470.64,41.0,POWER,7.812637176904387
618499,9.0,1,POWER,1972.1,43.0,POWER,7.587361188975415
618500,6.0,1,POWER,1147.26,31.0,POWER,7.046003032072836
618501,6.0,1,COAL,690.3,46.0,COAL,6.538573882951219
618502,6.0,1,COAL,882.0,44.0,COAL,6.78332520060396
618503,6.0,1,COAL,691.52,38.0,COAL,6.540337118510875
618504,6.0,1,COAL,894.0,43.0,COAL,6.796823718274855
618505,7.0,1,RAILWAYS,409.64,22.0,RAILWAYS,6.017716918252048
618506,4.0,0,Roads & Highways,401.74,36.0,Roads & Highways,5.998291192450259
618507,1.0,1,Roads & Highways,466.8,12.0,Roads & Highways,6.148040854150079
618508,3.0,1,Roads & Highways,907.39,34.0,Roads & Highways,6.811673801804452
618509,6.0,1,RAILWAYS,2171.8,39.0,RAILWAYS,7.683771937364377
618511,1.0,1,Roads & Highways,604.59,17.0,Roads & Highways,6.406203189437368
618512,6.0,1,POWER,493.0,36.0,POWER,6.202535517187923
618513,6.0,1,POWER,1025.2,24.0,POWER,6.933617938507864
618514,9.0,1,POWER,1749.86,24.0,POWER,7.467862374777513
618515,9.0,1,POWER,1479.3,30.0,POWER,7.300000048919446
618516,7.0,1,POWER,1388.7,39.0,POWER,7.236843175492536
618517,9.0,1,POWER,1135.39,10.0,POWER,7.035611850222907
618519,9.0,1,RAILWAYS,1260.74,37.0,RAILWAYS,7.140246999688667
618520,1.0,1,Roads & Highways,1438.74,32.0,Roads & Highways,7.272217820712374
618521,6.0,1,RAILWAYS,707.9,28.0,RAILWAYS,6.563714472860972
618522,2.0,1,Roads & Highways,411.16,28.0,Roads & Highways,6.0214116234759345
618523,9.0,1,POWER,999.0,44.0,POWER,6.907755278982137
618524,3.0,1,Roads & Highways,257.98,32.0,Roads & Highways,5.556750838640694
618525,5.0,0,Roads & Highways,326.61,31.0,Roads & Highways,5.79182387654356
618526,1.0,1,Roads & Highways,665.59,33.0,Roads & Highways,6.502175164260966
618527,9.0,1,"DEPARTMENT
OF HIGHER
EDUCATION",1601.1,50.0,"DEPARTMENT
OF HIGHER
EDUCATION",7.379070547652669
618529,9.0,1,POWER,927.77,36.0,POWER,6.8338611301204315
618530,7.0,1,"ROAD
TRANSPORT
AND
HIGHWAYS",2848.0,30.0,Other,7.954723334497908
618531,6.0,1,PETROLEUM,786.81,39.0,PETROLEUM,6.669256944033292
618532,6.0,1,PETROLEUM,552.55,27.0,PETROLEUM,6.3163520823054755
618533,9.0,1,POWER,1665.0,29.0,POWER,7.418180822726788
618534,1.0,1,Roads & Highways,470.75,43.0,Roads & Highways,6.156449184248659
618535,5.0,0,Roads & Highways,687.77,38.0,Roads & Highways,6.534907398158049
618536,5.0,0,Roads & Highways,1603.53,52.0,Roads & Highways,7.380586157788642
618537,11.0,1,POWER,1754.0,41.0,POWER,7.470224135899966
618538,4.0,0,Roads & Highways,1792.68,46.0,Roads & Highways,7.492024654356216
618539,4.0,0,Roads & Highways,1089.41,37.0,Roads & Highways,6.994309051286712
618540,2.0,1,Roads & Highways,1089.41,38.0,Roads & Highways,6.994309051286712
618541,9.0,1,POWER,2919.96,35.0,POWER,7.979667608353547
618542,1.0,0,Roads & Highways,827.98,41.0,Roads & Highways,6.72019602939192
618543,6.0,1,POWER,1912.17,43.0,POWER,7.556516831147972
618544,6.0,1,POWER,1401.87,35.0,POWER,7.24627541722065
618545,6.0,1,POWER,614.48,37.0,POWER,6.4224024511891775
618546,6.0,1,POWER,442.14,25.0,POWER,6.09388574720713
618547,9.0,1,POWER,1183.6,45.0,POWER,7.077160443842865
618548,6.0,1,POWER,1471.75,43.0,POWER,7.294886680401797
618549,6.0,1,POWER,939.86,27.0,POWER,6.846794350620995
618550,6.0,1,POWER,200.05,22.0,POWER,5.303553633343283
618551,4.0,0,Roads & Highways,666.81,32.0,Roads & Highways,6.5040037019407135
618552,6.0,1,RAILWAYS,1754.84,46.0,RAILWAYS,7.47070265387061
618553,10.0,1,POWER,957.62,40.0,POWER,6.865494750267535
618554,6.0,1,POWER,772.05,35.0,POWER,6.650343729548603
618555,6.0,1,POWER,649.5,39.0,POWER,6.47774129795256
618556,1.0,1,Roads & Highways,665.91,37.0,Roads & Highways,6.502655104277677
618557,10.0,1,POWER,998.27,39.0,POWER,6.907025012402394
618558,6.0,1,RAILWAYS,955.49,34.0,RAILWAYS,6.863270334042593
618559,6.0,1,RAILWAYS,521.53,31.0,RAILWAYS,6.2586823984586575
618560,12.0,1,RAILWAYS,541.58,31.0,RAILWAYS,6.2963355399804435
618561,4.0,0,Roads & Highways,904.99,48.0,Roads & Highways,6.809028268454472
618563,6.0,1,RAILWAYS,854.94,39.0,RAILWAYS,6.752200280227137
618564,1.0,1,Roads & Highways,1553.76,35.0,Roads & Highways,7.3490764718655495
618565,6.0,1,POWER,526.45,31.0,POWER,6.268054074127818
618566,8.0,1,POWER,1973.98,35.0,POWER,7.5883135507016695
618567,5.0,0,Roads & Highways,2289.34,41.0,Roads & Highways,7.736455557143186
618568,4.0,0,Roads & Highways,2541.13,37.0,Roads & Highways,7.84075759127574
618569,9.0,1,PETROLEUM,210.05,25.0,PETROLEUM,5.352095072228508
618570,6.0,1,PETROLEUM,184.9,33.0,PETROLEUM,5.225208894727398
618571,9.0,1,PETROLEUM,381.8,36.0,PETROLEUM,5.947512659578799
618572,5.0,0,Roads & Highways,309.99,32.0,Roads & Highways,5.739760757321436
618574,4.0,0,Roads & Highways,1818.46,43.0,Roads & Highways,7.506295032749006
618575,6.0,1,RAILWAYS,457.72,27.0,RAILWAYS,6.12844000213506
618576,6.0,1,RAILWAYS,175.0,4.0,RAILWAYS,5.170483995038151
618577,1.0,1,Roads & Highways,2228.26,34.0,Roads & Highways,7.709424970818542
618578,6.0,1,RAILWAYS,1467.44,50.0,RAILWAYS,7.291955891785577
618579,1.0,1,Roads & Highways,2527.0,42.0,Roads & Highways,7.8351837552667485
618580,6.0,1,POWER,899.0,24.0,POWER,6.802394763324311
618581,7.0,1,RAILWAYS,1751.18,37.0,RAILWAYS,7.468616005945
618582,3.0,0,Roads & Highways,1282.97,36.0,Roads & Highways,7.157712119490971
618583,3.0,0,Roads & Highways,1358.77,36.0,Roads & Highways,7.215070846781037
618584,5.0,0,Roads & Highways,962.84,35.0,Roads & Highways,6.8709253057314195
618585,1.0,1,Roads & Highways,856.93,38.0,Roads & Highways,6.754522511078133
618586,3.0,1,Roads & Highways,254.78,15.0,Roads & Highways,5.544317700005174
618588,6.0,1,POWER,540.21,33.0,POWER,6.293807373583428
618589,9.0,1,POWER,1828.0,37.0,POWER,7.511524648390866
618590,9.0,1,POWER,1958.94,35.0,POWER,7.580669139511101
618591,3.0,0,Roads & Highways,374.17,33.0,Roads & Highways,5.927379256579233
618592,2.0,1,Roads & Highways,320.64,32.0,Roads & Highways,5.773432907679949
618593,3.0,0,Roads & Highways,263.32,32.0,Roads & Highways,5.577160490332613
618594,6.0,1,POWER,151.26,11.0,POWER,5.025589585878066
618595,6.0,1,RAILWAYS,1746.45,46.0,RAILWAYS,7.465912861395335
618596,9.0,1,RAILWAYS,2714.6,42.0,RAILWAYS,7.906768202427492
618597,6.0,1,RAILWAYS,3219.47,42.0,RAILWAYS,8.07728259061985
618598,9.0,1,RAILWAYS,210.37,27.0,RAILWAYS,5.353610152296746
618599,9.0,1,RAILWAYS,4265.42,42.0,RAILWAYS,8.358530347068392
618600,9.0,1,RAILWAYS,3375.31,41.0,RAILWAYS,8.124538676144773
618601,6.0,1,RAILWAYS,3606.0,44.0,RAILWAYS,8.19063168090354
618602,6.0,1,RAILWAYS,2595.0,45.0,RAILWAYS,7.86172707782398
618603,9.0,1,RAILWAYS,3565.82,41.0,RAILWAYS,8.179429721512022
618604,9.0,1,RAILWAYS,2429.52,41.0,RAILWAYS,7.795860505211168
618605,9.0,1,RAILWAYS,2878.97,36.0,RAILWAYS,7.965535156409071
618606,9.0,1,RAILWAYS,3273.61,38.0,RAILWAYS,8.093954057008828
618607,6.0,1,RAILWAYS,2842.14,40.0,RAILWAYS,7.952664354195161
618608,6.0,1,RAILWAYS,1141.78,29.0,RAILWAYS,7.041219169328432
618609,2.0,1,Roads & Highways,463.08,30.0,Roads & Highways,6.140056951157809
618610,9.0,1,RAILWAYS,757.13,56.0,RAILWAYS,6.630854874895033
618611,1.0,1,Roads & Highways,520.63,52.0,Roads & Highways,6.256958524295923
618612,6.0,1,RAILWAYS,846.59,46.0,RAILWAYS,6.7423970283066135
618613,6.0,1,RAILWAYS,662.08,45.0,RAILWAYS,6.496895646556665
618614,6.0,1,COAL,752.3,42.0,COAL,6.624463554831649
618615,9.0,1,COAL,778.15,37.0,COAL,6.658203581891623
618616,5.0,0,Roads & Highways,625.58,35.0,Roads & Highways,6.440276459719512
618617,6.0,1,RAILWAYS,1229.38,44.0,RAILWAYS,7.1150783437428045
618618,11.0,1,RAILWAYS,2029.17,55.0,RAILWAYS,7.615874812371878
618619,5.0,0,Roads & Highways,998.95,34.0,Roads & Highways,6.907705277732095
618620,1.0,1,Roads & Highways,207.77,23.0,Roads & Highways,5.3412331675248685
618621,9.0,1,POWER,1162.8,36.0,POWER,7.0594457922225695
618622,6.0,1,POWER,1001.69,39.0,POWER,6.9104416674074445
618623,1.0,1,Roads & Highways,1504.37,38.0,Roads & Highways,7.316793994143591
618624,3.0,0,Roads & Highways,1082.65,37.0,Roads & Highways,6.988090251634412
618626,1.0,1,Roads & Highways,819.52,34.0,Roads & Highways,6.709938285613936
618627,5.0,0,Roads & Highways,168.52,24.0,Roads & Highways,5.132970913960044
618628,1.0,1,Roads & Highways,150.21,38.0,Roads & Highways,5.0186695991245776
618629,1.0,1,Roads & Highways,416.07,19.0,Roads & Highways,6.033254073418364
618630,6.0,1,POWER,2718.46,30.0,POWER,7.908188610168706
618631,1.0,1,Roads & Highways,1499.73,38.0,Roads & Highways,7.313706935373153
618632,7.0,1,RAILWAYS,972.06,35.0,RAILWAYS,6.880445745238551
618633,2.0,0,Roads & Highways,1732.66,63.0,Roads & Highways,7.457990059683226
618634,9.0,1,"DEPARTMENT
OF HIGHER
EDUCATION",1102.63,46.0,"DEPARTMENT
OF HIGHER
EDUCATION",7.0063600257358924
618635,6.0,1,"DEPARTMENT
OF HIGHER
EDUCATION",818.73,47.0,"DEPARTMENT
OF HIGHER
EDUCATION",6.708975017744909
618636,2.0,1,Roads & Highways,1370.75,43.0,Roads & Highways,7.223842575939085
618637,9.0,1,POWER,1654.07,33.0,POWER,7.4115985829892175
618638,1.0,1,Roads & Highways,2267.99,61.0,Roads & Highways,7.727090077542276
618639,9.0,1,POWER,1855.59,47.0,POWER,7.526496750761517
618640,4.0,0,Roads & Highways,2261.3,53.0,Roads & Highways,7.724137273876711
618641,4.0,0,Roads & Highways,1325.8,42.0,Roads & Highways,7.190525307072897
618642,6.0,1,PETROLEUM,1034.0,43.0,PETROLEUM,6.942156705699469
618644,9.0,1,PETROLEUM,1214.93,24.0,PETROLEUM,7.103264495079665
618645,6.0,1,PETROLEUM,964.64,60.0,PETROLEUM,6.8727910939460415
618646,1.0,0,Roads & Highways,3147.07,56.0,Roads & Highways,8.054544845630604
618647,6.0,1,RAILWAYS,906.51,51.0,RAILWAYS,6.810704585362041
618648,0.5,0,Roads & Highways,1424.55,40.0,Roads & Highways,7.262312983149735
618649,2.0,1,Roads & Highways,1246.15,44.0,Roads & Highways,7.128616227138795
618650,2.0,1,Roads & Highways,1363.9,39.0,Roads & Highways,7.21883644486215
618651,2.0,1,Roads & Highways,1427.88,36.0,Roads & Highways,7.264646199596228
618652,3.0,0,Roads & Highways,1241.38,36.0,Roads & Highways,7.124784173829824
618653,1.0,1,Roads & Highways,1236.08,36.0,Roads & Highways,7.120509042896294
618654,6.0,1,POWER,521.21,83.0,POWER,6.2580698058327275
618655,4.0,0,Roads & Highways,200.99,29.0,Roads & Highways,5.308218191225299
618661,5.0,0,Roads & Highways,1032.3,37.0,Roads & Highways,6.94051284322031
618662,2.0,0,Roads & Highways,980.2,41.0,Roads & Highways,6.888776312384334
618663,6.0,1,POWER,1000.63,39.0,POWER,6.909383951973957
618664,6.0,1,POWER,524.84,33.0,POWER,6.264996983955321
618665,6.0,1,POWER,790.78,37.0,POWER,6.674283575449255
618666,4.0,0,Roads & Highways,710.92,48.0,Roads & Highways,6.567965545548606
618667,2.0,1,Roads & Highways,1005.59,36.0,Roads & Highways,6.914323659860169
618668,5.0,0,Roads & Highways,996.5,35.0,Roads & Highways,6.905252148764019
618669,1.0,1,Roads & Highways,1632.93,52.0,Roads & Highways,7.398743434845021
618671,5.0,0,Roads & Highways,618.33,33.0,Roads & Highways,6.428638248559866
618672,5.0,0,Roads & Highways,903.44,37.0,Roads & Highways,6.807315967643379
618673,9.0,1,POWER,1368.19,34.0,POWER,7.2219746030944485
618674,6.0,1,POWER,1470.73,37.0,POWER,7.294193858551555
618675,6.0,1,POWER,1307.16,43.0,POWER,7.176376848695176
618676,7.0,1,POWER,586.0,37.0,POWER,6.375024819828097
618677,6.0,1,POWER,1734.0,32.0,POWER,7.45876269238096
618678,6.0,1,POWER,1460.0,34.0,POWER,7.2868764117507
618680,6.0,1,POWER,1592.0,34.0,POWER,7.373374309910049
618681,6.0,1,"DEPARTMENT
OF HIGHER
EDUCATION",922.5,37.0,"DEPARTMENT
OF HIGHER
EDUCATION",6.828170799639294
618682,1.0,1,Roads & Highways,1112.7,36.0,Roads & Highways,7.015443084399054
618684,1.0,1,Roads & Highways,917.26,40.0,Roads & Highways,6.8224805749209025
618685,1.0,1,Roads & Highways,911.24,42.0,Roads & Highways,6.815903113349103
618686,1.0,1,Roads & Highways,612.94,43.0,Roads & Highways,6.419897203502538
618687,9.0,1,POWER,652.33,27.0,POWER,6.482082361502622
618688,5.0,0,Roads & Highways,794.7,36.0,Roads & Highways,6.679222230383489
618689,6.0,1,POWER,364.47,37.0,POWER,5.901184196477774
618690,4.0,0,Roads & Highways,1663.38,36.0,Roads & Highways,7.417207960694364
618691,5.0,0,Roads & Highways,939.17,41.0,Roads & Highways,6.846060709976297
618692,1.0,1,Roads & Highways,1226.64,51.0,Roads & Highways,7.112848906118289
618693,6.0,1,POWER,744.64,36.0,POWER,6.614242910001045
618694,7.0,1,POWER,1011.29,33.0,POWER,6.919970370061396
618695,7.0,1,POWER,1146.22,27.0,POWER,7.045096903445133
618696,0.5,0,Roads & Highways,1281.47,43.0,Roads & Highways,7.156543184958466
618697,1.0,1,Roads & Highways,626.01,29.0,Roads & Highways,6.4409624894690545
618698,3.0,0,Roads & Highways,1167.52,58.0,Roads & Highways,7.06349326979307
618699,3.0,0,Roads & Highways,819.14,42.0,Roads & Highways,6.709475057392616
618700,6.0,1,"DEPARTMENT
OF HIGHER
EDUCATION",1863.09,46.0,"DEPARTMENT
OF HIGHER
EDUCATION",7.53052827734174
618701,7.0,1,POWER,178.18,30.0,POWER,5.188390887169432
618702,6.0,1,POWER,1100.88,8.0,POWER,7.004773090861635
618704,3.0,1,Roads & Highways,150.86,40.0,Roads & Highways,5.022959043785088
618705,2.0,0,Roads & Highways,973.12,38.0,Roads & Highways,6.881534499339055
618706,1.0,1,Roads & Highways,3496.01,45.0,Roads & Highways,8.159663596653225
618707,3.0,1,Roads & Highways,738.37,38.0,Roads & Highways,6.605798472241485
618708,9.0,1,RAILWAYS,1231.74,34.0,RAILWAYS,7.1169946131264945
618709,8.0,1,POWER,830.28,26.0,POWER,6.722966681544391
618710,6.0,1,POWER,2002.79,41.0,POWER,7.6027956662946945
618711,7.0,1,"ROAD
TRANSPORT
AND
HIGHWAYS",796.65,31.0,Other,6.6816699047470065
618712,6.0,1,"DEPARTMENT
OF HIGHER
EDUCATION",912.94,33.0,"DEPARTMENT
OF HIGHER
EDUCATION",6.817764923785166
618713,6.0,1,"DEPARTMENT
OF HIGHER
EDUCATION",1200.42,32.0,"DEPARTMENT
OF HIGHER
EDUCATION",7.091259469522378
618714,6.0,1,"DEPARTMENT
OF HIGHER
EDUCATION",1253.24,32.0,"DEPARTMENT
OF HIGHER
EDUCATION",7.134285090440412
618715,6.0,1,"DEPARTMENT
OF HIGHER
EDUCATION",1058.9,34.0,"DEPARTMENT
OF HIGHER
EDUCATION",6.9659298430332095
618716,6.0,1,"DEPARTMENT
OF HIGHER
EDUCATION",992.89,35.0,"DEPARTMENT
OF HIGHER
EDUCATION",6.90162653654896
618717,6.0,1,"DEPARTMENT
OF HIGHER
EDUCATION",750.81,35.0,"DEPARTMENT
OF HIGHER
EDUCATION",6.622483632451564
618718,3.0,1,Roads & Highways,1092.18,48.0,Roads & Highways,6.996846158972545
618719,6.0,1,"DEPARTMENT
OF HIGHER
EDUCATION",909.02,32.0,"DEPARTMENT
OF HIGHER
EDUCATION",6.8134665772913605
618720,6.0,1,"DEPARTMENT
OF HIGHER
EDUCATION",956.14,34.0,"DEPARTMENT
OF HIGHER
EDUCATION",6.8639496712446615
618721,6.0,1,"DEPARTMENT
OF HIGHER
EDUCATION",1292.65,24.0,"DEPARTMENT
OF HIGHER
EDUCATION",7.1652229593403005
618722,6.0,1,POWER,1843.59,37.0,POWER,7.520012309557389
618723,7.0,1,POWER,1554.21,37.0,POWER,7.349365863726654
618724,5.0,0,Roads & Highways,1719.2,51.0,Roads & Highways,7.450195842117379
618725,5.0,0,Roads & Highways,1915.99,54.0,Roads & Highways,7.5585115265479486
618726,5.0,0,Roads & Highways,1240.93,55.0,Roads & Highways,7.124421900196565
618727,5.0,0,Roads & Highways,1576.94,55.0,Roads & Highways,7.363875477869246
618728,1.0,1,Roads & Highways,1433.39,44.0,Roads & Highways,7.26849495071057
618729,0.5,0,Roads & Highways,1856.12,64.0,Roads & Highways,7.526782179620312
618730,1.0,0,Roads & Highways,1546.27,62.0,Roads & Highways,7.344247366695244
618732,1.0,0,Roads & Highways,1728.17,62.0,Roads & Highways,7.45539680357983
618733,0.5,0,Roads & Highways,1525.52,64.0,Roads & Highways,7.33074591395612
618734,5.0,0,Roads & Highways,1154.49,54.0,Roads & Highways,7.052279775414763
618735,7.0,1,POWER,909.84,53.0,POWER,6.814367250660464
618736,4.0,0,Roads & Highways,936.26,36.0,Roads & Highways,6.842960725070973
618737,5.0,0,Roads & Highways,303.53,35.0,Roads & Highways,5.718769604464449
618738,9.0,1,PETROLEUM,3012.27,54.0,PETROLEUM,8.010781146798122
618739,6.0,1,PETROLEUM,1390.92,37.0,PETROLEUM,7.238439367978461
618740,6.0,1,PETROLEUM,1494.31,41.0,PETROLEUM,7.310088822188649
618741,8.0,1,PETROLEUM,1358.0,24.0,PETROLEUM,7.214504414151143
618742,2.0,0,Roads & Highways,1113.46,39.0,Roads & Highways,7.0161252616479715
618744,9.0,1,RAILWAYS,1076.97,35.0,RAILWAYS,6.9828349217681565
618745,9.0,1,RAILWAYS,1097.59,38.0,RAILWAYS,7.001782818373009
618746,6.0,1,RAILWAYS,772.11,26.0,RAILWAYS,6.6504213411800395
618747,6.0,1,RAILWAYS,804.69,17.0,RAILWAYS,6.691699053138545
618748,6.0,1,"DEPARTMENT
OF HIGHER
EDUCATION",517.05,12.0,"DEPARTMENT
OF HIGHER
EDUCATION",6.250071762697761
618749,6.0,1,"DEPARTMENT
OF HIGHER
EDUCATION",622.0,12.0,"DEPARTMENT
OF HIGHER
EDUCATION",6.434546518787453
618751,7.0,1,POWER,581.65,49.0,POWER,6.367586663019273
618754,4.0,0,Roads & Highways,538.11,27.0,Roads & Highways,6.289919631719827
618755,1.0,1,Roads & Highways,159.53,24.0,Roads & Highways,5.078480840991323
618756,6.0,1,RAILWAYS,1103.86,45.0,RAILWAYS,7.007473909092552
618757,1.0,1,Roads & Highways,2010.2,42.0,Roads & Highways,7.606486837835983
618758,4.0,0,Roads & Highways,1764.86,48.0,Roads & Highways,7.476393102823272
618759,7.0,1,"DEPARTMENT
OF HIGHER
EDUCATION",1063.72,38.0,"DEPARTMENT
OF HIGHER
EDUCATION",6.9704671327783005
618760,7.0,1,RAILWAYS,646.42,32.0,RAILWAYS,6.472995233816948
618761,6.0,1,POWER,953.79,33.0,POWER,6.861491421012259
618762,1.0,1,Roads & Highways,950.27,30.0,Roads & Highways,6.857797933922023
618764,9.0,1,RAILWAYS,864.23,55.0,RAILWAYS,6.762995367541572
618765,7.0,1,RAILWAYS,2146.86,40.0,RAILWAYS,7.672227276595896
618766,4.0,0,Roads & Highways,862.0,30.0,Roads & Highways,6.760414691083428
618768,2.0,0,Roads & Highways,1309.08,45.0,Roads & Highways,7.17784348303287
618769,5.0,0,Roads & Highways,1338.14,33.0,Roads & Highways,7.199782895864149
618770,6.0,1,POWER,326.79,20.0,POWER,5.792373159438054
618771,6.0,1,"DEPARTMENT
OF HIGHER
EDUCATION",1484.83,46.0,"DEPARTMENT
OF HIGHER
EDUCATION",7.303728817656686
618772,9.0,1,"DEPARTMENT
OF HIGHER
EDUCATION",591.99,56.0,"DEPARTMENT
OF HIGHER
EDUCATION",6.385177535449128
618774,6.0,1,PETROLEUM,690.0,35.0,PETROLEUM,6.53813982376767
618775,5.0,0,Roads & Highways,226.32,25.0,Roads & Highways,5.426358716428921
618776,1.0,1,Roads & Highways,1237.65,38.0,Roads & Highways,7.121777355846786
618777,6.0,1,"DEPARTMENT
OF HIGHER
EDUCATION",1047.32,18.0,"DEPARTMENT
OF HIGHER
EDUCATION",6.954944161784595
618778,6.0,1,"DEPARTMENT
OF HIGHER
EDUCATION",1852.12,36.0,"DEPARTMENT
OF HIGHER
EDUCATION",7.524625984037425
618779,6.0,1,POWER,490.4,21.0,POWER,6.197258460087078
618782,2.0,1,Roads & Highways,1394.14,37.0,Roads & Highways,7.240750047642836
618783,1.0,1,Roads & Highways,1471.19,38.0,Roads & Highways,7.294506367046177
618784,2.0,1,Roads & Highways,355.36,32.0,Roads & Highways,5.875941455852443
618785,9.0,1,RAILWAYS,1501.02,43.0,RAILWAYS,7.314566147814657
618786,2.0,1,Roads & Highways,1196.38,52.0,Roads & Highways,7.0878911154955695
618787,9.0,1,COAL,1373.06,39.0,COAL,7.225525139951141
618788,7.0,1,POWER,927.22,39.0,POWER,6.833268773655311
618789,6.0,1,RAILWAYS,1525.31,43.0,RAILWAYS,7.330608336691529
618790,2.0,0,Roads & Highways,1422.37,49.0,Roads & Highways,7.26078257834687
618791,5.0,0,Roads & Highways,1538.76,38.0,Roads & Highways,7.339381839106869
618792,9.0,1,POWER,1322.13,37.0,POWER,7.187755420814441
618793,2.0,1,Roads & Highways,1409.88,37.0,Roads & Highways,7.251968902169573
618794,6.0,1,RAILWAYS,524.88,33.0,RAILWAYS,6.265073049828404
618795,6.0,1,RAILWAYS,1474.77,42.0,RAILWAYS,7.2969351664599325
618796,6.0,1,RAILWAYS,741.86,38.0,RAILWAYS,6.610507601660655
618797,5.0,0,Roads & Highways,1237.71,33.0,Roads & Highways,7.121825794507305
618798,6.0,1,POWER,2555.5,39.0,POWER,7.846394414520054
618799,6.0,1,POWER,440.16,57.0,POWER,6.089407621437946
618800,9.0,1,RAILWAYS,1301.37,38.0,RAILWAYS,7.171940960584945
618801,9.0,1,RAILWAYS,1207.4,38.0,RAILWAYS,7.097052449512517
618803,9.0,1,"DEPARTMENT
OF HIGHER
EDUCATION",648.75,27.0,"DEPARTMENT
OF HIGHER
EDUCATION",6.4765876735216
618804,6.0,1,"DEPARTMENT
OF HIGHER
EDUCATION",314.43,33.0,"DEPARTMENT
OF HIGHER
EDUCATION",5.753936787316924
618805,4.0,0,Roads & Highways,977.33,38.0,Roads & Highways,6.885847036433257
618806,1.0,1,Roads & Highways,685.99,37.0,Roads & Highways,6.532319736075652
618807,9.0,1,"DEPARTMENT
OF HIGHER
EDUCATION",609.43,37.0,"DEPARTMENT
OF HIGHER
EDUCATION",6.414163626862126
618808,1.0,1,Roads & Highways,1212.56,45.0,Roads & Highways,7.101313467702079
618809,6.0,1,RAILWAYS,809.51,46.0,RAILWAYS,6.697663679162542
618810,9.0,1,RAILWAYS,1003.38,44.0,RAILWAYS,6.912125714699672
618811,5.0,1,Roads & Highways,1183.71,51.0,Roads & Highways,7.077253297880605
618812,2.0,1,Roads & Highways,1129.33,53.0,Roads & Highways,7.030264904470579
618813,2.0,1,Roads & Highways,1127.9,45.0,Roads & Highways,7.028998986267501
618814,3.0,1,Roads & Highways,1142.6,51.0,Roads & Highways,7.041936460448157
618815,2.0,1,Roads & Highways,1092.88,37.0,Roads & Highways,6.997486287751731
618816,5.0,0,Roads & Highways,1105.25,52.0,Roads & Highways,7.008731196322139
618817,3.0,1,Roads & Highways,973.45,48.0,Roads & Highways,6.881873209268033
618818,2.0,1,Roads & Highways,1183.23,50.0,Roads & Highways,7.076848053335307
618819,5.0,0,Roads & Highways,183.03,18.0,Roads & Highways,5.215098787797103
618820,9.0,1,POWER,742.25,24.0,POWER,6.6110324618782075
618821,9.0,1,POWER,762.75,24.0,POWER,6.638240510485805
618822,1.0,1,Roads & Highways,929.91,33.0,Roads & Highways,6.836162602357152
618823,1.0,1,Roads & Highways,352.01,24.0,Roads & Highways,5.866496385143948
618824,1.0,1,Roads & Highways,201.1,22.0,Roads & Highways,5.308762624409575
618825,6.0,1,POWER,622.04,40.0,POWER,6.434610722183835
618826,10.0,1,"DEPARTMENT
OF HIGHER
EDUCATION",907.76,33.0,"DEPARTMENT
OF HIGHER
EDUCATION",6.812081032913731
618827,10.0,1,"DEPARTMENT
OF HIGHER
EDUCATION",972.63,34.0,"DEPARTMENT
OF HIGHER
EDUCATION",6.881031354674352
618828,9.0,1,PETROLEUM,1232.0,41.0,PETROLEUM,7.117205503164344
618829,5.0,0,Roads & Highways,1129.48,37.0,Roads & Highways,7.03039760027449
618830,9.0,1,PETROLEUM,1390.77,37.0,PETROLEUM,7.238331597357346
618831,1.0,1,Roads & Highways,1436.8,43.0,Roads & Highways,7.270869446549771
618832,4.0,0,Roads & Highways,1274.82,47.0,Roads & Highways,7.151344388123294
618833,6.0,1,COAL,829.97,48.0,COAL,6.722593693120756
618834,6.0,1,COAL,162.73,12.0,COAL,5.098218729651401
618835,5.0,0,Roads & Highways,698.4,25.0,Roads & Highways,6.550222824629276
618836,8.0,1,POWER,839.0,24.0,POWER,6.733401891837359
618837,6.0,1,POWER,986.0,24.0,POWER,6.894670039433482
618838,6.0,1,RAILWAYS,736.75,33.0,RAILWAYS,6.603605013823048
618839,6.0,1,PETROLEUM,950.64,54.0,PETROLEUM,6.858186812013643
618840,9.0,1,PETROLEUM,1041.1,40.0,PETROLEUM,6.948993186998382
618841,9.0,1,PETROLEUM,312.58,33.0,PETROLEUM,5.748054510932304
618842,0.5,0,Roads & Highways,1280.68,42.0,Roads & Highways,7.155926996338459
618843,3.0,1,Roads & Highways,197.6,25.0,Roads & Highways,5.291292751611072
618844,1.0,1,Roads & Highways,1358.31,68.0,Roads & Highways,7.214732497041869
618845,7.0,1,RAILWAYS,1294.47,44.0,RAILWAYS,7.166628842651828
618846,1.0,1,Roads & Highways,2565.63,70.0,Roads & Highways,7.850349033357338
618847,7.0,1,RAILWAYS,1872.68,31.0,RAILWAYS,7.535659690480145
618848,5.0,0,Roads & Highways,649.44,31.0,Roads & Highways,6.477649056957522
618849,6.0,1,RAILWAYS,469.95,22.0,RAILWAYS,6.154751931268826
618850,6.0,1,RAILWAYS,1273.71,46.0,RAILWAYS,7.150473980741237
618851,3.0,1,Roads & Highways,3419.95,51.0,Roads & Highways,8.137673569261324
618852,9.0,1,RAILWAYS,190.6,28.0,RAILWAYS,5.25540986553676
618853,4.0,0,Roads & Highways,353.3,30.0,Roads & Highways,5.870144011871426
618854,6.0,1,POWER,724.6,29.0,POWER,6.5869988988009265
618855,6.0,1,POWER,762.62,35.0,POWER,6.638070283232011
618856,6.0,1,POWER,1212.26,38.0,POWER,7.101066230575693
618858,1.0,1,Roads & Highways,955.34,40.0,Roads & Highways,6.8631134983590165
618859,6.0,1,POWER,540.97,34.0,POWER,6.295210649354242
618861,6.0,1,PETROLEUM,897.45,31.0,PETROLEUM,6.800671056372463
618862,1.0,1,Roads & Highways,2156.22,45.0,Roads & Highways,7.6765756346976755
618863,1.0,1,Roads & Highways,662.44,90.0,Roads & Highways,6.497438420142949
618864,6.0,1,POWER,1738.2,38.0,POWER,7.461180516366945
618865,5.0,0,Roads & Highways,1384.79,37.0,Roads & Highways,7.234025653118753
618866,5.0,0,Roads & Highways,2077.0,35.0,Roads & Highways,7.639161171659173
618867,2.0,1,Roads & Highways,2009.11,50.0,Roads & Highways,7.605944725923847
618868,3.0,1,Roads & Highways,2289.52,39.0,Roads & Highways,7.736534145006641
618869,5.0,0,Roads & Highways,1122.02,42.0,Roads & Highways,7.0237767640188595
618870,2.0,1,Roads & Highways,883.62,50.0,Roads & Highways,6.785158174267498
618871,3.0,1,Roads & Highways,909.86,58.0,Roads & Highways,6.8143892081726785
618872,2.0,1,Roads & Highways,1062.76,50.0,Roads & Highways,6.969565080548451
618873,2.0,1,Roads & Highways,1272.71,51.0,Roads & Highways,7.149689180707235
618875,1.0,1,Roads & Highways,183.92,27.0,Roads & Highways,5.219923299120024
618876,0.5,0,Roads & Highways,2125.03,63.0,Roads & Highways,7.662011669808919
618878,9.0,1,RAILWAYS,696.65,43.0,RAILWAYS,6.547717544338216
618879,4.0,0,Roads & Highways,930.86,53.0,Roads & Highways,6.837182588809974
618880,1.0,1,Roads & Highways,815.68,41.0,Roads & Highways,6.705247341267999
618881,5.0,0,Roads & Highways,1113.02,55.0,Roads & Highways,7.015730373647435
618882,5.0,0,Roads & Highways,531.61,47.0,Roads & Highways,6.277789449020316
618883,6.0,1,POWER,1706.47,33.0,POWER,7.442768021744479
618884,9.0,1,POWER,1493.14,36.0,POWER,7.309306069468424
618885,8.0,1,POWER,617.87,32.0,POWER,6.427895234473026
618886,5.0,0,Roads & Highways,238.66,30.0,Roads & Highways,5.47922125225437
618887,6.0,1,POWER,1331.77,24.0,POWER,7.195014762155646
618888,9.0,1,RAILWAYS,1146.19,38.0,RAILWAYS,7.045070752931492
618889,9.0,1,RAILWAYS,1322.95,45.0,RAILWAYS,7.18837497143341
618890,9.0,1,RAILWAYS,739.39,39.0,RAILWAYS,6.607177074395275
618891,1.0,1,Roads & Highways,1244.43,40.0,Roads & Highways,7.127236130794443
618892,0.5,0,Roads & Highways,992.85,36.0,Roads & Highways,6.901586289836608
618893,1.0,1,Roads & Highways,2966.63,54.0,Roads & Highways,7.9955189334434085
618894,6.0,1,RAILWAYS,1409.38,47.0,RAILWAYS,7.2516144506087565
618895,6.0,1,RAILWAYS,1051.69,48.0,RAILWAYS,6.9591040718296195
618896,10.0,1,POWER,1409.68,43.0,POWER,7.251827136621199
618897,6.0,1,RAILWAYS,1227.87,35.0,RAILWAYS,7.113850326916732
618898,4.0,0,Roads & Highways,1163.17,29.0,Roads & Highways,7.0597636657373615
618899,1.0,1,Roads & Highways,1499.12,38.0,Roads & Highways,7.313300383890472
618901,1.0,1,Roads & Highways,1181.34,39.0,Roads & Highways,7.075250804657419
618902,9.0,1,PETROLEUM,573.7,47.0,PETROLEUM,6.353848165513696
618903,6.0,1,PETROLEUM,672.89,36.0,PETROLEUM,6.513066892845188
618904,6.0,1,PETROLEUM,575.0,30.0,PETROLEUM,6.3561076606958915
618905,4.0,1,Roads & Highways,470.5,30.0,Roads & Highways,6.155919102073512
618906,6.0,1,RAILWAYS,857.91,42.0,RAILWAYS,6.755664143503331
618907,4.0,0,Roads & Highways,571.34,50.0,Roads & Highways,6.349733220385172
618908,9.0,1,POWER,153.61,29.0,POWER,5.040905817114504
618909,7.0,1,POWER,841.57,54.0,POWER,6.736456744828474
618910,6.0,1,POWER,557.55,24.0,POWER,6.325344140016857
618911,6.0,1,POWER,646.27,44.0,POWER,6.472763518115628
618912,1.0,1,Roads & Highways,1051.73,34.0,Roads & Highways,6.959142068998835
618913,6.0,1,POWER,503.88,41.0,POWER,6.224320777275984
618914,1.0,1,Roads & Highways,4432.97,47.0,Roads & Highways,8.397050624253504
618915,6.0,1,PETROLEUM,446.97,85.0,PETROLEUM,6.104726265887063
618916,6.0,1,PETROLEUM,464.09,85.0,PETROLEUM,6.14223093524638
618917,1.0,1,Roads & Highways,488.24,25.0,Roads & Highways,6.192853166619162
618919,6.0,1,"DEPARTMENT
OF HIGHER
EDUCATION",887.28,31.0,"DEPARTMENT
OF HIGHER
EDUCATION",6.789287008606059
618920,2.0,1,Roads & Highways,1346.82,33.0,Roads & Highways,7.206243751398904
618921,10.0,1,RAILWAYS,1703.48,49.0,RAILWAYS,7.441015357862887
618922,2.0,1,Roads & Highways,1956.26,59.0,Roads & Highways,7.579300814984322
618923,3.0,1,Roads & Highways,2158.2,38.0,Roads & Highways,7.677493061703795
618924,1.0,1,Roads & Highways,188.87,47.0,Roads & Highways,5.246339627455324
618925,6.0,1,POWER,300.79,25.0,POWER,5.709731411258612
618926,1.0,1,Roads & Highways,1431.36,51.0,Roads & Highways,7.2670787125737935
618927,3.0,1,Roads & Highways,2006.82,41.0,Roads & Highways,7.604804835359324
618928,7.0,1,POWER,1841.92,35.0,POWER,7.5191065492399
618929,1.0,1,Roads & Highways,1841.92,34.0,Roads & Highways,7.5191065492399
618930,5.0,0,Roads & Highways,1188.46,56.0,Roads & Highways,7.081254701602981
618931,5.0,0,Roads & Highways,764.02,56.0,Roads & Highways,6.639901977275643
618932,5.0,0,Roads & Highways,1534.7,46.0,Roads & Highways,7.336741582131647
618933,4.0,1,Roads & Highways,1430.56,48.0,Roads & Highways,7.266520037735943
618934,5.0,0,Roads & Highways,5729.47,65.0,Roads & Highways,8.653552830777775
618935,9.0,1,POWER,629.16,24.0,POWER,6.445973755395069
618936,6.0,1,POWER,1269.5,35.0,POWER,7.1471658027602185
618937,9.0,1,POWER,1166.96,32.0,POWER,7.063013916226403
618938,9.0,1,POWER,1013.33,31.0,POWER,6.921983574992768
618939,5.0,0,Roads & Highways,191.31,29.0,Roads & Highways,5.259108653322756
618941,2.0,1,Roads & Highways,968.05,48.0,Roads & Highways,6.876316210146757
618942,7.0,1,POWER,226.76,18.0,POWER,5.428292442969782
618944,2.0,1,Roads & Highways,958.86,61.0,Roads & Highways,6.866787440493834
618945,6.0,1,RAILWAYS,1307.95,36.0,RAILWAYS,7.176980568083351
618946,6.0,1,PETROLEUM,1443.77,29.0,PETROLEUM,7.275705418327543
618947,7.0,1,PETROLEUM,1302.72,20.0,PETROLEUM,7.172976995503735
618948,5.0,0,Roads & Highways,782.18,35.0,Roads & Highways,6.663362554628753
618949,9.0,1,PETROLEUM,1444.94,33.0,PETROLEUM,7.276514908081886
618950,2.0,1,Roads & Highways,1565.47,38.0,Roads & Highways,7.356579959235356
618951,6.0,1,PETROLEUM,755.26,42.0,PETROLEUM,6.628385232398122
618952,12.0,0,PETROLEUM,2598.0,82.0,PETROLEUM,7.8628820346414905
618953,6.0,1,PETROLEUM,1101.99,46.0,PETROLEUM,7.0057799530292675
618954,4.0,0,Roads & Highways,1473.2,59.0,Roads & Highways,7.295870748755188
618955,6.0,1,PETROLEUM,496.2,44.0,PETROLEUM,6.208992359636556
618956,4.0,1,Roads & Highways,498.97,38.0,Roads & Highways,6.21454809662212
618957,1.0,1,Roads & Highways,1002.33,35.0,Roads & Highways,6.911079746810157
618958,1.0,1,Roads & Highways,1200.14,66.0,Roads & Highways,7.09102638481168
618959,11.0,0,POWER,993.77,19.0,POWER,6.902511554659084
618960,10.0,1,POWER,1378.36,34.0,POWER,7.229374902461615
618961,5.0,0,Roads & Highways,775.94,34.0,Roads & Highways,6.655363127308804
618962,2.0,1,Roads & Highways,1102.97,41.0,Roads & Highways,7.0066680525547795
618963,4.0,0,Roads & Highways,784.14,37.0,Roads & Highways,6.665862045830061
618964,5.0,0,Roads & Highways,1425.98,34.0,Roads & Highways,7.2633156019616605
618966,5.0,0,Roads & Highways,1123.17,42.0,Roads & Highways,7.024800264568783
618967,4.0,1,Roads & Highways,295.06,29.0,Roads & Highways,5.6905621364853465
618968,6.0,1,POWER,1428.19,29.0,POWER,7.264863129203421
618969,7.0,1,"ROAD
TRANSPORT
AND
HIGHWAYS",2155.95,39.0,Other,7.676450465777419
618970,6.0,1,POWER,1335.45,29.0,POWER,7.197772123730637
618971,7.0,0,Urban Public Transport,3626.24,48.0,Other,8.19622730748249
618972,6.0,0,Railways,1456.77,36.0,Other,7.284663149781774
618976,5.0,1,Electricity Generation,20446.0,64.0,Other,9.925591451443054
618977,4.0,1,Aviation & Aviation Infrastructure,1507.0,26.0,Other,7.318539548567902
618978,6.0,0,Railways,2222.53,60.0,Other,7.7068513021016924
618981,2.0,0,Electricity Generation,4147.07,41.0,Other,8.330398444809727
618982,5.0,1,Coal,522.45,44.0,Other,6.260441514765364
618985,6.0,0,Urban Public Transport,9857.85,60.0,Other,9.196124807934499
618986,6.0,0,Railways,3633.58,45.0,Other,8.198248839963227
618991,6.0,0,Electricity Generation,1221.41,53.0,Other,7.108579599007067
618992,6.0,0,Electricity Generation,480.68,53.0,Other,6.177279993156192
618995,6.0,0,Railways,2864.51,72.0,Other,7.96050162377806
619003,7.0,1,RAILWAYS,478.74,38.0,RAILWAYS,6.173244290480884
619004,5.0,0,Roads & Highways,560.79,57.0,Roads & Highways,6.331128114582922
619005,5.0,0,Roads & Highways,235.42,58.0,Roads & Highways,5.465609884322231
619007,1.0,1,Roads & Highways,461.23,58.0,Roads & Highways,6.136062602700595
619008,1.0,1,Roads & Highways,157.69,28.0,Roads & Highways,5.066952613574751
619009,1.0,1,Roads & Highways,690.33,65.0,Roads & Highways,6.538617278508967
619010,7.0,1,RAILWAYS,500.88,38.0,RAILWAYS,6.218361047291499
619013,2.0,1,Roads & Highways,508.76,132.0,Roads & Highways,6.233940026721684
619014,2.0,0,Roads & Highways,316.73,50.0,Roads & Highways,5.7612019655236875
619022,5.0,0,Urban Public Transport,5452.72,48.0,Other,8.60405322362049
619024,5.0,0,Transmission & Distribution,3125.32,25.0,Other,8.047611872984735
619025,5.0,0,Transmission & Distribution,25000.0,54.0,Other,10.12667110305036
619028,5.0,0,Transmission & Distribution,173.14,24.0,Other,5.159859573400469
619029,1.0,1,Transmission & Distribution,319.42,18.0,Other,5.769632635218568
619030,5.0,0,Transmission & Distribution,2722.5,30.0,Other,7.909673096823729
619031,5.0,0,Urban Public Transport,12014.91,35.0,Other,9.39398688396255
619032,5.0,0,Coal,25560.48,85.0,Other,10.148841809788555
619038,7.0,1,POWER,497.09,19.0,POWER,6.210780783587805
619039,0.5,0,Roads & Highways,307.96,36.0,Roads & Highways,5.733211818680204
619042,9.0,1,POWER,169.15,32.0,POWER,5.136680400946915
619045,1.0,1,Roads & Highways,1205.4,38.0,Roads & Highways,7.095395997253692
619049,5.0,0,Transmission & Distribution,4500.0,24.0,Other,8.412054873292933
619051,4.0,1,Electricity Generation,29948.0,68.0,Other,10.307251214004534
619052,5.0,0,Urban Public Transport,5801.05,67.0,Other,8.665966582362245
619053,5.0,0,Coal,1604.69,58.0,Other,7.381308849722831
619055,5.0,0,Coal,444.42,79.0,Other,6.099017657272704
619056,1.0,1,Electricity Generation,11131.0,62.0,Other,9.317579122645782
619057,12.0,0,RAILWAYS,574.26,42.0,RAILWAYS,6.354822112510577
619059,7.0,1,RAILWAYS,323.98,6.0,RAILWAYS,5.78376364197463
619060,5.0,1,Roads & Highways,344.71,131.0,Roads & Highways,5.845600273324364
619061,1.0,0,Roads & Highways,705.09,38.0,Roads & Highways,6.559742708122057
619063,7.0,1,RAILWAYS,1636.15,32.0,RAILWAYS,7.400712204205645
619064,7.0,1,COAL,1259.0,36.0,COAL,7.138866999945524
619065,0.5,0,Roads & Highways,1745.0,33.0,Roads & Highways,7.465082736399547
619066,7.0,1,POWER,3044.02,35.0,POWER,8.021262748266926
619068,7.0,1,POWER,2414.67,35.0,POWER,7.78973196032155
619071,8.0,1,POWER,2032.15,36.0,POWER,7.617341593493855
619072,8.0,1,POWER,1240.6,24.0,POWER,7.124156149428954
619073,1.0,1,Roads & Highways,1317.74,36.0,Roads & Highways,7.184432014257237
619076,3.0,1,Roads & Highways,1581.24,37.0,Roads & Highways,7.36659684352168
619077,2.0,1,Roads & Highways,464.62,27.0,Roads & Highways,6.143369850821135
619078,7.0,1,PETROLEUM,1155.16,46.0,PETROLEUM,7.052859447959276
619080,2.0,1,Roads & Highways,1093.35,32.0,Roads & Highways,6.997915858690094
619087,7.0,1,COAL,2070.44,24.0,COAL,7.635999296579512
619089,9.0,1,RAILWAYS,1909.98,46.0,RAILWAYS,7.5553714784607555
619090,7.0,1,RAILWAYS,2067.67,45.0,RAILWAYS,7.634661167682778
619092,2.0,1,Roads & Highways,994.22,42.0,Roads & Highways,6.902963818246007
619093,2.0,1,Roads & Highways,609.32,34.0,Roads & Highways,6.413983409781974
619094,7.0,1,RAILWAYS,1243.57,58.0,RAILWAYS,7.126545367714767
619095,7.0,1,POWER,332.0,19.0,POWER,5.808142489980444
619096,8.0,1,POWER,1655.01,49.0,POWER,7.4121663735743155
619097,2.0,1,Roads & Highways,1181.12,32.0,Roads & Highways,7.075064715655588
619098,9.0,1,RAILWAYS,1424.77,60.0,RAILWAYS,7.262467297642978
619099,2.0,1,Roads & Highways,1801.37,63.0,Roads & Highways,7.496857744505479
619100,2.0,1,Roads & Highways,866.0,43.0,Roads & Highways,6.7650389767805414
619101,2.0,1,Roads & Highways,784.35,39.0,Roads & Highways,6.666129478289041
619102,2.0,0,Roads & Highways,1500.11,63.0,Roads & Highways,7.313960113425301
619105,5.0,0,Roads & Highways,1555.13,74.0,Roads & Highways,7.349957248806275
619106,2.0,1,Roads & Highways,1141.88,44.0,Roads & Highways,7.041306671406662
619107,2.0,1,Roads & Highways,1311.41,43.0,Roads & Highways,7.17962042068608
619108,2.0,1,Roads & Highways,1452.43,40.0,Roads & Highways,7.281681559224496
619109,7.0,1,POWER,1249.0,37.0,POWER,7.1308988302963465
619111,10.0,1,"DEPARTMENT
OF HIGHER
EDUCATION",663.6,37.0,"DEPARTMENT
OF HIGHER
EDUCATION",6.499185355920494
619112,10.0,1,"DEPARTMENT
OF HIGHER
EDUCATION",824.29,44.0,"DEPARTMENT
OF HIGHER
EDUCATION",6.71573483971922
619114,2.0,1,Roads & Highways,1081.51,38.0,Roads & Highways,6.9870376977092645
619115,0.5,0,Roads & Highways,796.77,33.0,Roads & Highways,6.681820335354905
619118,7.0,1,POWER,2510.04,35.0,POWER,7.828452288939109
619119,7.0,1,POWER,686.65,31.0,POWER,6.533279987560717
619120,1.0,1,Roads & Highways,2919.8,52.0,Roads & Highways,7.979612830341427
619122,9.0,1,RAILWAYS,1479.22,54.0,RAILWAYS,7.299946004359694
619123,7.0,1,"DEPARTMENT
OF HIGHER
EDUCATION",813.66,24.0,"DEPARTMENT
OF HIGHER
EDUCATION",6.702770848283837
619124,7.0,1,"DEPARTMENT
OF HIGHER
EDUCATION",747.29,24.0,"DEPARTMENT
OF HIGHER
EDUCATION",6.617790603372804
619125,7.0,1,"DEPARTMENT
OF HIGHER
EDUCATION",1103.89,24.0,"DEPARTMENT
OF HIGHER
EDUCATION",7.007501061485359
619126,10.0,1,"DEPARTMENT
OF HIGHER
EDUCATION",976.4,24.0,"DEPARTMENT
OF HIGHER
EDUCATION",6.884895984836055
619127,2.0,1,Roads & Highways,2185.75,48.0,Roads & Highways,7.690171702299964
619128,7.0,1,RAILWAYS,637.11,31.0,RAILWAYS,6.458510682276343
619129,9.0,1,RAILWAYS,1008.99,63.0,RAILWAYS,6.917695708796191
619130,7.0,1,RAILWAYS,825.94,82.0,RAILWAYS,6.717732141001144
619131,7.0,1,RAILWAYS,505.35,55.0,RAILWAYS,6.227228129778294
619132,7.0,1,POWER,1524.03,35.0,POWER,7.329769360979165
619134,7.0,1,RAILWAYS,1641.66,43.0,RAILWAYS,7.4040721580954525
619136,2.0,1,Roads & Highways,610.78,43.0,Roads & Highways,6.416372740760753
619137,2.0,1,Roads & Highways,1024.69,43.0,Roads & Highways,6.933120835826432
619138,8.0,1,POWER,294.62,28.0,POWER,5.689074845783927
619139,2.0,1,Roads & Highways,1299.36,38.0,Roads & Highways,7.1703964281904335
619140,10.0,1,"DEPARTMENT
OF HIGHER
EDUCATION",1398.84,39.0,"DEPARTMENT
OF HIGHER
EDUCATION",7.244113223357954
619141,10.0,1,"DEPARTMENT
OF HIGHER
EDUCATION",909.47,41.0,"DEPARTMENT
OF HIGHER
EDUCATION",6.813960949695675
619142,5.0,0,Roads & Highways,216.97,27.0,Roads & Highways,5.384357438640421
619143,3.0,1,Roads & Highways,826.01,48.0,Roads & Highways,6.717816786849013
619146,7.0,1,COAL,723.64,40.0,COAL,6.585674979807903
619147,9.0,1,COAL,485.75,18.0,COAL,6.187750644252309
619149,7.0,1,POWER,930.0,24.0,POWER,6.836259277277067
619152,7.0,1,PETROLEUM,1167.45,48.0,PETROLEUM,7.063433363161815
619153,7.0,1,RAILWAYS,1002.11,38.0,RAILWAYS,6.910860452935552
619154,2.0,1,Roads & Highways,1493.5,34.0,Roads & Highways,7.309546981723993
619155,7.0,1,RAILWAYS,1377.79,38.0,RAILWAYS,7.228961581932917
619156,1.0,0,Roads & Highways,1853.16,34.0,Roads & Highways,7.525187042294304
619157,9.0,1,POWER,614.48,43.0,POWER,6.4224024511891775
619158,9.0,1,POWER,633.68,55.0,POWER,6.453120934865889
619160,3.0,1,Roads & Highways,166.52,27.0,Roads & Highways,5.121102747122227
619161,3.0,1,Roads & Highways,1376.1,33.0,Roads & Highways,7.22773511773308
619162,7.0,1,POWER,570.98,28.0,POWER,6.349104025733542
619163,7.0,1,POWER,624.45,24.0,POWER,6.438471390660751
619164,1.0,1,Roads & Highways,1214.3,42.0,Roads & Highways,7.102746238876755
619166,2.0,1,Roads & Highways,768.35,38.0,Roads & Highways,6.645546002503387
619167,2.0,1,Roads & Highways,865.1,36.0,Roads & Highways,6.764000375336999
619168,7.0,1,POWER,1602.48,29.0,POWER,7.379931546339491
619171,4.0,0,Coal,2415.91,78.0,Other,7.79024514376692
619172,3.0,1,Coal,1859.19,51.0,Other,7.528433912027871
619181,1.0,1,Roads & Highways,882.45,43.0,Roads & Highways,6.783834697062659
619183,4.0,1,Roads & Highways,198.06,40.0,Roads & Highways,5.2936062868179175
619184,1.0,1,Roads & Highways,207.45,91.0,Roads & Highways,5.339699204326806
619185,1.0,1,Roads & Highways,183.56,92.0,Roads & Highways,5.217974613865498
619186,1.0,1,Roads & Highways,262.96,131.0,Roads & Highways,5.575797576515221
619191,4.0,0,Oil & Gas,202.0,24.0,Oil & Gas,5.313205979041787
619193,1.0,1,Roads & Highways,295.47,25.0,Roads & Highways,5.691946032880246
619194,1.0,0,Roads & Highways,168.05,31.0,Roads & Highways,5.130194529153895
619196,4.0,0,Oil & Gas,359.0,22.0,Oil & Gas,5.886104031450156
619197,1.0,1,Roads & Highways,1185.69,41.0,Roads & Highways,7.078923197906002
619198,1.0,1,Roads & Highways,1711.38,43.0,Roads & Highways,7.445639494688453
619199,1.0,1,Roads & Highways,1410.01,46.0,Roads & Highways,7.252061038999918
619200,1.0,1,Roads & Highways,1641.75,43.0,Roads & Highways,7.4041269457779775
619201,1.0,1,Roads & Highways,1741.45,33.0,Roads & Highways,7.463047447818395
619202,1.0,1,Roads & Highways,2144.67,54.0,Roads & Highways,7.671207136902019
619203,1.0,1,Roads & Highways,1252.92,40.0,Roads & Highways,7.1340299233045545
619204,0.5,0,Roads & Highways,372.03,22.0,Roads & Highways,5.921658845364004
619205,1.0,1,Roads & Highways,1981.07,48.0,Roads & Highways,7.591897032127019
619206,1.0,1,Roads & Highways,3041.65,43.0,Roads & Highways,8.020484125207616
619207,1.0,1,Roads & Highways,2641.37,45.0,Roads & Highways,7.879431520696962
619208,1.0,1,Roads & Highways,3635.64,37.0,Roads & Highways,8.198815457409848
619209,1.0,1,Roads & Highways,1709.56,31.0,Roads & Highways,7.44457608126519
619210,1.0,1,Roads & Highways,1411.71,32.0,Roads & Highways,7.253265124536297
619211,1.0,1,Roads & Highways,2104.7,43.0,Roads & Highways,7.6524032324044855
619212,1.0,1,Roads & Highways,1227.57,36.0,Roads & Highways,7.113606170394912
619213,1.0,1,Roads & Highways,791.17,37.0,Roads & Highways,6.674776015245816
619214,1.0,1,Roads & Highways,688.0,33.0,Roads & Highways,6.535241271013659
619215,1.0,1,Roads & Highways,991.41,35.0,Roads & Highways,6.900136328348901
619216,1.0,1,Roads & Highways,1491.72,36.0,Roads & Highways,7.308355238088994
619218,1.0,1,Roads & Highways,1364.14,44.0,Roads & Highways,7.219012266462286
619219,1.0,1,Roads & Highways,1505.85,44.0,Roads & Highways,7.317776658171513
619220,1.0,1,Roads & Highways,1444.5,61.0,Roads & Highways,7.2762105614564
619222,1.0,1,Roads & Highways,467.99,30.0,Roads & Highways,6.150581446257343
619223,4.0,0,Oil & Gas,13626.0,52.0,Oil & Gas,9.51980839774982
619224,4.0,0,Oil & Gas,844.0,33.0,Oil & Gas,6.739336627357174
619225,4.0,0,Oil & Gas,260.2,24.0,Oil & Gas,5.565286397402276
619226,4.0,0,Oil & Gas,258.34,30.0,Oil & Gas,5.5581399421207385
619227,2.0,0,Transmission & Distribution,1420.0,24.0,Other,7.259116128097101
619228,2.0,0,Transmission & Distribution,1111.0,24.0,Other,7.013915474810528
619229,1.0,0,Shipping,832.25,41.0,Other,6.725333717187849
619248,0.5,0,Roads & Highways,441.41,54.0,Roads & Highways,6.092237053930959
619251,3.0,0,Roads & Highways,170.49,30.0,Roads & Highways,5.1445249558680555
619253,2.0,0,Roads & Highways,516.17,36.0,Roads & Highways,6.248371640574997
619270,0.5,0,Roads & Highways,910.91,34.0,Roads & Highways,6.815541300994198
619271,0.5,0,Roads & Highways,363.89,34.0,Roads & Highways,5.899595938298455
619289,2.0,1,Roads & Highways,1659.81,38.0,Roads & Highways,7.415060714148047
619291,1.0,1,Roads & Highways,524.54,38.0,Roads & Highways,6.2644263054030525
619292,1.0,1,Roads & Highways,1092.9,35.0,Roads & Highways,6.997504571125745
619293,3.0,0,Roads & Highways,715.97,40.0,Roads & Highways,6.575033998720077
619294,3.0,0,Roads & Highways,720.67,39.0,Roads & Highways,6.581567970695458
619295,3.0,0,Roads & Highways,742.43,57.0,Roads & Highways,6.6112746121740065
619298,0.5,0,Roads & Highways,1039.0,40.0,Roads & Highways,6.946975992135418
619299,0.5,0,Roads & Highways,357.99,27.0,Roads & Highways,5.883294532947113
619300,0.5,0,Roads & Highways,300.68,23.0,Roads & Highways,5.709366852950102
619305,2.0,1,Roads & Highways,1769.5,39.0,Roads & Highways,7.4790172715519585
619306,1.0,1,Roads & Highways,1020.84,37.0,Roads & Highways,6.929360202734522
619307,1.0,1,Roads & Highways,1376.56,42.0,Roads & Highways,7.228069097247268
619308,1.0,1,Roads & Highways,836.24,35.0,Roads & Highways,6.730110767739146
619311,2.0,0,Electricity Generation,14105.83,78.0,Other,9.554414356246948
619312,2.0,0,Oil & Gas,186.0,24.0,Oil & Gas,5.231108616854587
619313,2.0,0,Energy Storage,483.14,47.0,Other,6.18237412108847
619314,2.0,0,Oil & Gas,6175.0,21.0,Oil & Gas,8.728426091704613
619316,2.0,0,Oil & Gas,495.59,24.0,Oil & Gas,6.2077647359401835
619318,2.0,0,Roads & Highways,1368.91,43.0,Roads & Highways,7.222500323233606
619321,1.0,0,Roads & Highways,170.96,31.0,Roads & Highways,5.147261891628081
619326,1.0,0,Railways,9889.24,69.0,Other,9.19930369125862
619328,1.0,0,Oil & Gas,3713.4,16.0,Oil & Gas,8.219972436705712
619341,1.0,0,Electricity Generation,29344.85,70.0,Other,10.286906418325193
619347,0.5,0,Roads & Highways,201.16,27.0,Roads & Highways,5.309059463079938
701091,3.0,0,Aviation & Aviation Infrastructure,3100.0,90.0,Other,8.03947991910045
701101,6.0,1,CIVIL AVIATION,1216.9,53.0,CIVIL AVIATION,7.104883343093065
701105,1.0,1,CIVIL AVIATION,255.69,46.0,CIVIL AVIATION,5.5478691311385475
701107,1.0,1,CIVIL AVIATION,611.8,35.0,CIVIL AVIATION,6.418038618426381
701113,12.0,0,CIVIL AVIATION,2869.65,36.0,CIVIL AVIATION,7.962293763946991
701121,1.0,1,CIVIL AVIATION,347.15,32.0,CIVIL AVIATION,5.852633421388556
701122,9.0,1,CIVIL AVIATION,579.0,25.0,CIVIL AVIATION,6.363028103540465
701126,1.0,1,CIVIL AVIATION,1305.0,42.0,CIVIL AVIATION,7.174724309836376
701127,4.0,1,CIVIL AVIATION,480.0,30.0,CIVIL AVIATION,6.175867270105761
701128,1.0,1,CIVIL AVIATION,887.0,33.0,CIVIL AVIATION,6.78897174299217
701167,2.0,1,"DEPARTMENT
OF HIGHER
EDUCATION",1828.0,78.0,"DEPARTMENT
OF HIGHER
EDUCATION",7.511524648390866
701168,6.0,0,Healthcare,1264.0,44.0,Other,7.142827401161621
701170,5.0,1,Healthcare,1195.0,86.0,Other,7.086737934510577
701171,2.0,1,"HEALTH AND
FAMILY
WELFARE",1110.55,67.0,Other,7.013510716648001
701173,2.0,1,"HEALTH AND
FAMILY
WELFARE",1294.34,48.0,Other,7.166528487936422
701228,6.0,1,PETROLEUM,2915.0,42.0,PETROLEUM,7.977968093128549
701263,1.0,1,COAL,43129.0,60.0,COAL,10.671974089641889
701269,0.5,0,Energy Storage,854.0,48.0,Other,6.75110146893676
701289,3.0,1,PETROLEUM,34627.0,43.0,PETROLEUM,10.452417882335665
701324,12.0,0,PETROLEUM,14810.0,39.0,PETROLEUM,9.603125426926972
701329,3.0,1,COAL,18936.0,47.0,COAL,9.848872959262906
701341,0.5,0,Oil & Gas,1932.0,66.0,Oil & Gas,7.566828479208331
701343,6.0,1,PETROLEUM,2658.34,34.0,PETROLEUM,7.885833250688059
701344,6.0,1,PETROLEUM,1030.65,32.0,PETROLEUM,6.938914741231239
701346,1.0,1,PETROLEUM,9265.0,40.0,PETROLEUM,9.134107065976593
701349,1.0,1,"HEALTH AND
FAMILY
WELFARE",10228.0,69.0,Other,9.232982102457008
701350,1.0,1,"HEALTH AND
FAMILY
WELFARE",860.0,42.0,Other,6.7580945044277305
701354,3.0,1,PETROLEUM,7844.25,35.0,PETROLEUM,8.967663532090862
701377,1.0,1,Telecommunication,770.16,68.0,Other,6.647895874731268
701383,11.0,0,Telecommunication,1058.99,284.0,Other,6.966014753099349
701384,0.5,0,Telecommunication,368.34,167.0,Other,5.911717629017726
701386,2.0,1,Telecommunication,7196.47,140.0,Other,8.881484854363716
701388,0.5,0,Telecommunication,1352.53,152.0,Other,7.210471273566756
701390,0.5,0,Telecommunication,333.87,143.0,Other,5.813742396808923
701391,1.0,1,Telecommunication,210.45,119.0,Other,5.353988563918498
701392,0.5,0,Telecommunication,973.62,128.0,Other,6.882047651438331
701395,1.0,1,Telecommunication,219.9,186.0,Other,5.397710110426072
701396,11.0,0,Telecommunication,255.97,140.0,Other,5.5489593465640565
701398,1.0,1,Telecommunication,211.46,128.0,Other,5.3587537353518675
701400,10.0,1,Telecommunication,1449.44,272.0,Other,7.279622237659366
701404,2.0,1,Telecommunication,989.43,191.0,Other,6.898139192263174
701405,11.0,0,Telecommunication,8200.71,164.0,Other,9.01209794809698
701406,11.0,0,Telecommunication,1402.0,143.0,Other,7.246368080102461
701408,1.0,1,Telecommunication,1060.67,149.0,Other,6.967598419050651
701410,1.0,1,Telecommunication,1441.26,38.0,Other,7.273966606723639
701411,8.0,1,Telecommunication,2285.81,50.0,Other,7.734913112303117
701412,11.0,0,Telecommunication,1622.27,2.0,Other,7.392197912273729
701415,2.0,1,"WATER
RESOURCES",10151.04,133.0,Other,9.225429949496785
701564,1.0,0,Shipping,1799.0,56.0,Other,7.495541943884256
701565,12.0,0,"SHIPPING AND
PORTS",5369.18,62.0,Other,8.588616706494216
701574,10.0,0,Shipping,3004.63,67.0,Other,8.008242475578058
701593,10.0,0,Telecommunication,28466.0,40.0,Other,10.256500800641868
701597,3.0,1,Telecommunication,1255.49,18.0,Other,7.136077398336776
701598,1.0,1,Telecommunication,971.96,18.0,Other,6.8803429713718
701599,4.0,1,Telecommunication,1577.57,18.0,Other,7.3642746529128
701600,7.0,0,Telecommunication,336.89,18.0,Other,5.822720398727715
701602,4.0,1,Telecommunication,3685.0,18.0,Other,8.212297138229768
701657,10.0,1,Real Estate,1701.81,43.0,Other,7.440035106617044
701658,10.0,1,Real Estate,2139.44,48.0,Other,7.6687666943582125
701668,2.0,0,Real Estate,3805.0,56.0,Other,8.244334047856094
701719,9.0,1,Real Estate,539.0,73.0,Other,6.29156913955832
701745,11.0,0,Urban Public Transport,262.76,40.0,Other,5.5750395987634755
701766,9.0,1,Real Estate,150.97,51.0,Other,5.023683132945513
701991,9.0,1,Urban Public Transport,600.0,36.0,Other,6.398594934535208
702355,9.0,0,Waste & Water,210.0,27.0,Other,5.351858133476067
702522,0.5,0,Real Estate,454.65,105.0,Other,6.121724970942136
702524,0.5,0,Real Estate,3797.69,105.0,Other,8.242411549436966
702540,0.5,0,Real Estate,5477.4,105.0,Other,8.608568366507368
702544,0.5,0,Real Estate,285.85,105.0,Other,5.65895943104788
702555,0.5,0,Real Estate,212.74,105.0,Other,5.364760323096751
702612,0.5,0,Real Estate,576.99,105.0,Other,6.359556567484651
702625,12.0,0,"URBAN
DEVELOPMENT",6941.4,51.0,Other,8.845402815044086
702626,12.0,0,"URBAN
DEVELOPMENT",7500.8,51.0,Other,8.922898270729009
702627,1.0,1,"URBAN
DEVELOPMENT",13365.77,64.0,Other,9.500527055269986
702628,1.0,1,"URBAN
DEVELOPMENT",11076.48,58.0,Other,9.312669497610493
702629,1.0,1,"URBAN
DEVELOPMENT",8379.62,58.0,Other,9.033677176419515
702630,1.0,1,COAL,12020.32,60.0,COAL,9.39443701903147
702631,1.0,1,COAL,5384.17,60.0,COAL,8.591404158265824
702632,1.0,1,"TELECOMMUNI
CATIONS",24948.65,68.0,Other,10.124615073025158
702633,2.0,1,"URBAN
DEVELOPMENT",30274.0,75.0,Other,10.318077568421293
702635,1.0,1,"URBAN
DEVELOPMENT",26405.14,84.0,Other,10.181351837850434
702637,1.0,1,"URBAN
DEVELOPMENT",23136.0,80.0,Other,10.049188346707682
702639,1.0,1,COAL,10773.0,49.0,COAL,9.28489110324048
702658,12.0,0,"URBAN
DEVELOPMENT",6708.0,60.0,Other,8.811205187562887
702664,12.0,0,"URBAN
DEVELOPMENT",1957.05,100.0,Other,7.579704359025902
702665,12.0,0,"URBAN
DEVELOPMENT",14788.1,60.0,Other,9.601645701926314
702668,11.0,0,Inland Waterways,63246.0,105.0,Other,11.05480297463485
703585,1.0,1,POWER,169.65,83.0,POWER,5.139614675352716
703586,1.0,1,POWER,375.67,83.0,POWER,5.931369472556642
704495,6.0,1,Telecommunication,421.65,12.0,Other,6.046544413374937
705237,1.0,1,PETROLEUM,51101.0,172.0,PETROLEUM,10.841578914369135
705244,11.0,0,Oil & Gas,520.0,41.0,Oil & Gas,6.255750041753367
705298,11.0,0,Oil & Gas,274.39,11.0,Oil & Gas,5.618188274814676
705300,4.0,0,Oil & Gas,227.59,8.0,Oil & Gas,5.431930005871957
705356,12.0,0,POWER,2539.0,349.0,POWER,7.8399193600125825
705357,12.0,0,POWER,736.44,337.0,POWER,6.603184728972198
705358,12.0,0,POWER,3550.0,392.0,POWER,8.174984532943087
705359,1.0,1,POWER,1928.1,239.0,POWER,7.564808851893844
705362,1.0,1,PETROLEUM,819.0,155.0,PETROLEUM,6.709304340258298
705363,0.5,0,Oil & Gas,735.0,165.0,Oil & Gas,6.601230118728877
705364,1.0,1,PETROLEUM,614.45,332.0,PETROLEUM,6.422353707556304
705366,1.0,1,PETROLEUM,2066.78,140.0,PETROLEUM,7.634230846990526
705368,1.0,1,PETROLEUM,1605.17,191.0,PETROLEUM,7.381607741955727
705373,1.0,1,PETROLEUM,1473.3,383.0,PETROLEUM,7.295938579855774
705375,1.0,1,PETROLEUM,1625.87,251.0,PETROLEUM,7.394413202367234
705385,12.0,0,PETROLEUM,2555.03,179.0,PETROLEUM,7.846210552517748
705391,2.0,1,RAILWAYS,14322.79,284.0,RAILWAYS,9.569677070301555
705392,1.0,1,RAILWAYS,6663.2,239.0,RAILWAYS,8.804505195401129
705394,2.0,0,Railways,1304.62,15.0,Other,7.174433302719964
705396,2.0,0,Railways,8324.28,119.0,Other,9.02705194791668
705400,0.5,0,Oil & Gas,2650.0,210.0,Oil & Gas,7.8826922062890254
705401,1.0,1,PETROLEUM,435.06,167.0,PETROLEUM,6.077779848559902
705410,5.0,1,PETROLEUM,2018.0,537.0,PETROLEUM,7.610357618312838
705419,1.0,1,PETROLEUM,2912.96,167.0,PETROLEUM,7.977268259824972
705424,12.0,0,PETROLEUM,1540.13,218.0,PETROLEUM,7.3402711925666155
705428,1.0,1,RAILWAYS,13370.29,224.0,RAILWAYS,9.500865150108808
705429,1.0,1,RAILWAYS,38953.15,176.0,RAILWAYS,10.570140592478124
705432,12.0,0,RAILWAYS,7876.92,85.0,RAILWAYS,8.97181918861765
705433,1.0,1,POWER,1627.56,207.0,POWER,7.39545146775879
705434,11.0,0,Oil & Gas,2565.0,118.0,Oil & Gas,7.850103545175582
705436,12.0,0,"DEPARTMENT
OF HIGHER
EDUCATION",2500.98,315.0,"DEPARTMENT
OF HIGHER
EDUCATION",7.824837697389792
705437,1.0,1,RAILWAYS,1160.0,251.0,RAILWAYS,7.057036981697891
705444,9.0,1,Oil & Gas,4970.0,95.0,Oil & Gas,8.511376306094673
705450,12.0,0,PETROLEUM,401.65,143.0,PETROLEUM,5.998067698241554
705453,12.0,0,PETROLEUM,1942.0,238.0,PETROLEUM,7.57198844937744
705454,1.0,1,PETROLEUM,1793.65,236.0,PETROLEUM,7.4925652958377
705457,1.0,1,POWER,5677.88,226.0,POWER,8.644509309173463
705458,1.0,1,COAL,844.1,119.0,COAL,6.739454963550437
705464,2.0,0,Railways,1382.78,394.0,Other,7.232574164004636
705479,12.0,0,POWER,1886.05,105.0,POWER,7.54277004210283
705480,1.0,1,PETROLEUM,8913.94,342.0,PETROLEUM,9.095483800044644
705481,1.0,1,POWER,3032.0,296.0,POWER,8.017307507688582
705482,1.0,1,PETROLEUM,746.83,106.0,PETROLEUM,6.617175679416844
705489,1.0,1,Railways,601.43,123.0,Other,6.400971476042478
705490,1.0,1,POWER,2841.84,167.0,POWER,7.952558831488335
705491,1.0,1,POWER,279.54,47.0,POWER,5.636716317291525
705492,1.0,1,POWER,825.31,351.0,POWER,6.716970005775988
705493,2.0,0,Railways,5174.0,74.0,Other,8.55159461813357
705494,1.0,1,PETROLEUM,2495.59,101.0,PETROLEUM,7.82268107976152
705495,1.0,1,POWER,1378.0,203.0,POWER,7.229113877793302
705496,1.0,1,POWER,1876.0,95.0,POWER,7.537430036586509
705497,2.0,0,Railways,3445.34,226.0,Other,8.14506807733977
705498,1.0,1,POWER,792.89,176.0,POWER,6.676944912606895
705500,6.0,1,POWER,540.02,164.0,POWER,6.29345624673987
705502,1.0,1,POWER,1384.72,130.0,POWER,7.233975139138999
705503,1.0,1,POWER,3627.47,120.0,POWER,8.196566350804723
705504,2.0,1,POWER,2081.27,118.0,POWER,7.641213923763919
705505,1.0,1,POWER,638.0,118.0,POWER,6.459904454377535
705506,1.0,1,POWER,1035.16,106.0,POWER,6.943276851049216
705507,5.0,1,POWER,2449.91,145.0,POWER,7.804214663147685
705510,12.0,0,POWER,1284.39,140.0,POWER,7.158817453227447
705511,1.0,1,POWER,1547.38,107.0,POWER,7.344964502061045
705512,1.0,1,"DEPARTMENT
OF HIGHER
EDUCATION",2499.71,83.0,"DEPARTMENT
OF HIGHER
EDUCATION",7.824329970535926
705513,1.0,1,POWER,2362.0,152.0,POWER,7.767687277186908
705514,1.0,1,POWER,820.61,143.0,POWER,6.711265829913208
705515,2.0,1,POWER,1172.92,131.0,POWER,7.068103854965684
705526,1.0,1,PETROLEUM,519.33,118.0,PETROLEUM,6.254463225676899
705527,1.0,1,PETROLEUM,1215.54,104.0,PETROLEUM,7.103766042899607
705528,1.0,1,PETROLEUM,1586.22,98.0,PETROLEUM,7.369739337257671
705562,1.0,1,PETROLEUM,941.05,143.0,PETROLEUM,6.84805835172401
705566,2.0,0,Oil & Gas,351.0,80.0,Oil & Gas,5.863631175598097
705567,1.0,1,POWER,1015.59,107.0,POWER,6.924209168253817
705572,12.0,0,RAILWAYS,4059.65,131.0,RAILWAYS,8.309098338303546
705583,2.0,1,RAILWAYS,586.36,131.0,RAILWAYS,6.375637919748524
705588,1.0,1,POWER,721.72,88.0,POWER,6.583021871906294
705598,1.0,1,POWER,2002.0,66.0,POWER,7.602401335665818
705608,12.0,0,POWER,4329.53,96.0,POWER,8.373445215353616
705610,7.0,1,"DEPARTMENT
OF HIGHER
EDUCATION",302.0,116.0,"DEPARTMENT
OF HIGHER
EDUCATION",5.713732805509369
705612,1.0,1,PETROLEUM,1953.0,154.0,PETROLEUM,7.577633832602728
705613,1.0,1,PETROLEUM,2594.59,117.0,PETROLEUM,7.861569130065837
705616,1.0,1,POWER,2140.34,114.0,POWER,7.669187080278673
705617,1.0,1,POWER,3544.92,99.0,POWER,8.17355292574796
705628,1.0,1,PETROLEUM,3029.04,99.0,PETROLEUM,8.01633109973641
705629,1.0,1,PETROLEUM,2400.0,69.0,PETROLEUM,7.783640596221253
705632,12.0,0,"DEPARTMENT
OF HIGHER
EDUCATION",647.37,116.0,"DEPARTMENT
OF HIGHER
EDUCATION",6.474461521055171
705633,1.0,1,"DEPARTMENT
OF HIGHER
EDUCATION",3733.37,116.0,"DEPARTMENT
OF HIGHER
EDUCATION",8.225334408640945
705635,1.0,1,RAILWAYS,1431.9,109.0,RAILWAYS,7.267455641722557
705638,12.0,0,RAILWAYS,812.85,183.0,RAILWAYS,6.701776073837507
705639,3.0,1,RAILWAYS,600.82,207.0,RAILWAYS,6.399958397276156
705648,1.0,1,"DEPARTMENT
OF HIGHER
EDUCATION",6654.0,115.0,"DEPARTMENT
OF HIGHER
EDUCATION",8.803123730829212
705650,1.0,1,POWER,5060.36,203.0,POWER,8.529390500871619
705651,7.0,0,Oil & Gas,2478.23,62.0,Oil & Gas,7.815703307077964
705659,12.0,0,POWER,500.0,124.0,POWER,6.2166061010848646
705660,2.0,1,POWER,2445.29,132.0,POWER,7.802327870135109
705661,1.0,1,POWER,1247.64,97.0,POWER,7.1298102379946915
705662,1.0,1,PETROLEUM,1877.81,117.0,PETROLEUM,7.538393876684982
705663,1.0,1,POWER,492.87,87.0,POWER,6.202272324661071
705667,1.0,1,POWER,5323.39,102.0,POWER,8.580053430025206
705668,1.0,1,PETROLEUM,3249.98,111.0,PETROLEUM,8.086711768331737
705694,4.0,0,Oil & Gas,187.72,95.0,Oil & Gas,5.240264435099419
705708,4.0,0,Oil & Gas,176.0,69.0,Oil & Gas,5.176149732573829
705710,4.0,0,Oil & Gas,336.0,60.0,Oil & Gas,5.820082930352362
705712,4.0,0,Oil & Gas,480.0,56.0,Oil & Gas,6.175867270105761
705717,4.0,0,Oil & Gas,440.0,50.0,Oil & Gas,6.089044875446846
705720,4.0,0,Oil & Gas,384.0,52.0,Oil & Gas,5.953243334287785
705721,4.0,1,Oil & Gas,447.6,60.0,Oil & Gas,6.106131622086108
705722,4.0,0,Oil & Gas,210.0,57.0,Oil & Gas,5.351858133476067
705726,4.0,0,Oil & Gas,6339.0,59.0,Oil & Gas,8.754634047431272
705728,1.0,1,PETROLEUM,108000.0,140.0,PETROLEUM,11.58989576532275
705730,1.0,1,POWER,4834.54,200.0,POWER,8.483748087276666
705735,12.0,0,POWER,904.92,110.0,POWER,6.808951001923535
705741,12.0,0,POWER,748.0,132.0,POWER,6.618738983517219
705742,11.0,0,POWER,2344.0,185.0,POWER,7.76004068088038
705747,2.0,0,Railways,902.86,60.0,Other,6.806674481142368
705752,1.0,1,RAILWAYS,528.48,71.0,RAILWAYS,6.27189539284557
705755,1.0,0,Oil & Gas,359.0,135.0,Oil & Gas,5.886104031450156
705756,1.0,0,Oil & Gas,241.0,120.0,Oil & Gas,5.488937726156687
705761,1.0,1,POWER,1453.73,99.0,POWER,7.2825755953755955
705762,2.0,0,Railways,748.86,94.0,Other,6.619886522439299
705763,12.0,0,POWER,7474.01,144.0,POWER,8.919320736050635
705764,1.0,1,POWER,495.18,59.0,POWER,6.206938764117285
705765,1.0,1,PETROLEUM,686.03,62.0,PETROLEUM,6.532377959391195
705766,1.0,1,POWER,356.09,93.0,POWER,5.877987850847898
705767,1.0,0,Oil & Gas,257.97,65.0,Oil & Gas,5.5567122248748815
705771,12.0,0,POWER,494.11,83.0,POWER,6.204779960103212
705772,1.0,1,POWER,2649.44,88.0,POWER,7.882480942933378
705774,1.0,1,POWER,451.99,80.0,POWER,6.1158700501841885
705777,1.0,1,POWER,187.21,80.0,POWER,5.237558360702472
705779,4.0,0,Oil & Gas,1178.0,93.0,Oil & Gas,7.072421900537371
705780,1.0,1,POWER,2529.46,79.0,POWER,7.836156383376462
705782,1.0,1,POWER,323.85,74.0,POWER,5.78336353732654
705783,1.0,1,RAILWAYS,235.72,72.0,RAILWAYS,5.466878008091954
705784,4.0,0,Oil & Gas,357.0,60.0,Oil & Gas,5.8805329864007
705785,1.0,1,PETROLEUM,501.52,98.0,PETROLEUM,6.2196354401362175
705789,6.0,0,Oil & Gas,307.66,87.0,Oil & Gas,5.732240347472685
705793,6.0,1,Oil & Gas,6806.44,54.0,Oil & Gas,8.825771410700773
705794,11.0,0,Oil & Gas,6684.81,54.0,Oil & Gas,8.807742648987265
705799,1.0,1,POWER,1400.0,56.0,POWER,7.244941546337007
705863,1.0,1,Oil & Gas,950.0,51.0,Oil & Gas,6.85751406254539
705912,11.0,0,Oil & Gas,1203.89,47.0,Oil & Gas,7.094143555450853
705918,1.0,1,POWER,1456.89,74.0,POWER,7.284745463906238
705919,1.0,1,RAILWAYS,1389.81,60.0,RAILWAYS,7.237641590214271
705933,1.0,1,POWER,1095.88,72.0,POWER,7.0002250650484
705941,6.0,0,Railways,15767.0,74.0,Other,9.665737848832556
706718,1.0,1,CIVIL AVIATION,499.0,32.0,CIVIL AVIATION,6.214608098422191
706724,1.0,1,CIVIL AVIATION,1142.0,51.0,CIVIL AVIATION,7.04141166379481
706757,1.0,1,COAL,261.68,174.0,COAL,5.570936561322772
706759,1.0,1,PETROLEUM,2373.64,108.0,PETROLEUM,7.772601126032123
706763,1.0,1,COAL,1080.58,60.0,COAL,6.986178213993476
706775,10.0,0,Telecommunication,61109.0,73.0,Other,11.020430797888961
706776,1.0,1,POWER,4829.6,196.0,POWER,8.48272596253399
706777,1.0,1,POWER,2298.42,200.0,POWER,7.74041219620301
706779,1.0,1,POWER,8087.11,71.0,POWER,8.998150361003471
706780,12.0,0,POWER,33690.0,104.0,POWER,10.424986018358423
706781,11.0,0,Oil & Gas,10947.0,63.0,Oil & Gas,9.30091207016057
706811,1.0,1,STEEL,2907.0,91.0,Other,7.97522083865341
706835,1.0,1,POWER,1590.8,87.0,POWER,7.372620730371749
706836,2.0,0,Railways,466.42,52.0,Other,6.147228211090879
706837,12.0,0,PETROLEUM,202.0,60.0,PETROLEUM,5.313205979041787
706844,3.0,0,Railways,942.0,60.0,Other,6.849066282633458
706854,12.0,0,POWER,1376.2,96.0,POWER,7.2278077314643685
706856,0.5,0,Oil & Gas,245.0,54.0,Oil & Gas,5.5053315359323625
706860,2.0,1,PETROLEUM,486.0,60.0,PETROLEUM,6.18826412308259
706866,12.0,0,RAILWAYS,304.0,42.0,RAILWAYS,5.720311776607412
706922,11.0,0,Oil & Gas,890.36,24.0,Oil & Gas,6.792748386272505
706950,5.0,1,Oil & Gas,744.49,58.0,Oil & Gas,6.614041720298596
707020,5.0,0,Healthcare,250.0,79.0,Other,5.5254529391317835
707021,5.0,0,Healthcare,250.0,35.0,Other,5.5254529391317835
707022,5.0,0,Healthcare,250.0,87.0,Other,5.5254529391317835
707039,5.0,0,Healthcare,250.0,98.0,Other,5.5254529391317835
707044,5.0,0,Healthcare,325.0,46.0,Other,5.786897381366708
707045,5.0,0,Healthcare,325.0,31.0,Other,5.786897381366708
707046,5.0,0,Healthcare,325.0,85.0,Other,5.786897381366708
707049,5.0,0,Healthcare,325.0,42.0,Other,5.786897381366708
707050,5.0,0,Healthcare,325.0,29.0,Other,5.786897381366708
707051,1.0,0,Healthcare,325.0,90.0,Other,5.786897381366708
707058,5.0,0,Healthcare,325.0,28.0,Other,5.786897381366708
707059,5.0,0,Healthcare,325.0,32.0,Other,5.786897381366708
707069,5.0,0,Healthcare,325.0,109.0,Other,5.786897381366708
707070,5.0,0,Healthcare,325.0,107.0,Other,5.786897381366708
707086,5.0,0,Healthcare,325.0,50.0,Other,5.786897381366708
707087,5.0,0,Healthcare,325.0,64.0,Other,5.786897381366708
707215,4.0,1,"Tourism, Hospitality & Wellness",573.0,61.0,Other,6.352629396319567
707229,10.0,1,Real Estate,209.88,18.0,Other,5.351289251314142
707267,8.0,0,Waste & Water,200.0,27.0,Other,5.303304908059076
707410,5.0,0,Logistics Infrastructure,763.0,67.0,Other,6.638567789166521
707414,0.5,0,Logistics Infrastructure,1480.0,111.0,Other,7.300472814267799
707419,1.0,1,Real Estate,658.0,52.0,Other,6.490723534502507
708662,7.0,0,Healthcare,693.0,82.0,Other,6.542471960506805
708687,0.5,0,Telecommunication,1917.0,54.0,Other,7.559038255443384
709747,1.0,1,COAL,339.35,17.0,COAL,5.829974499893961
709748,4.0,0,Electricity Generation,5491.89,23.0,Other,8.611209807655124
709749,1.0,1,"SHIPPING AND
PORTS",461.42,15.0,Other,6.136473569017957
709752,9.0,1,"DEPARTMENT
OF HIGHER
EDUCATION",160.0,33.0,"DEPARTMENT
OF HIGHER
EDUCATION",5.081404364984463
709753,4.0,1,PETROLEUM,1010.0,36.0,PETROLEUM,6.918695219020472
709754,12.0,0,"HEALTH AND
FAMILY
WELFARE",156.36,52.0,Other,5.058536174080804
709755,12.0,0,"HEALTH AND
FAMILY
WELFARE",384.04,52.0,Other,5.953347224994854
709757,10.0,0,PETROLEUM,1377.0,96.0,PETROLEUM,7.228388451573604
709758,10.0,0,PETROLEUM,2628.0,96.0,PETROLEUM,7.874358824729881
709759,12.0,0,COAL,461.05,36.0,COAL,6.135673110334049
709760,9.0,1,"HEALTH AND
FAMILY
WELFARE",240.0,22.0,Other,5.484796933490655
709761,2.0,0,Oil & Gas,193.0,36.0,Oil & Gas,5.267858159063328
709766,8.0,0,"DEPARTMENT
OF HIGHER
EDUCATION",1420.0,96.0,"DEPARTMENT
OF HIGHER
EDUCATION",7.259116128097101
709770,12.0,0,PETROLEUM,151.0,96.0,PETROLEUM,5.0238805208462765
709771,1.0,1,"HEALTH AND
FAMILY
WELFARE",865.0,96.0,Other,6.763884908562435
709772,2.0,1,PETROLEUM,609.0,96.0,PETROLEUM,6.413458957167357
709773,1.0,1,PETROLEUM,538.0,120.0,PETROLEUM,6.289715570908998
709774,5.0,1,PETROLEUM,463.0,42.0,PETROLEUM,6.139884552226255
709776,12.0,0,"HEALTH AND
FAMILY
WELFARE",277.0,52.0,Other,5.627621113690637
709777,1.0,1,PETROLEUM,389.0,39.0,PETROLEUM,5.966146739123692
709778,1.0,1,COAL,328.0,32.0,COAL,5.796057750765372
709779,1.0,1,"HEALTH AND
FAMILY
WELFARE",768.0,40.0,Other,6.645090969505644
709780,12.0,0,"HEALTH AND
FAMILY
WELFARE",341.43,30.0,Other,5.836067257251887
709781,12.0,0,COAL,260.12,36.0,COAL,5.564980071775742
709782,1.0,1,"HEALTH AND
FAMILY
WELFARE",165.0,35.0,Other,5.111987788356544
709783,11.0,0,Oil & Gas,165.13,30.0,Oil & Gas,5.1127706143983875
709785,6.0,1,PETROLEUM,202.07,35.0,PETROLEUM,5.313550747188626
709786,12.0,0,PETROLEUM,227.62,51.0,PETROLEUM,5.432061236597632
709789,4.0,1,Oil & Gas,405.0,28.0,Oil & Gas,6.0063531596017325
709790,6.0,0,Oil & Gas,621.87,36.0,Oil & Gas,6.434337829276554
709791,12.0,0,PETROLEUM,1017.0,87.0,PETROLEUM,6.925595197110468
709792,12.0,0,PETROLEUM,3638.0,87.0,PETROLEUM,8.19946419761216
709793,12.0,0,PETROLEUM,3919.0,90.0,PETROLEUM,8.273846932784508
709794,12.0,0,COAL,3207.0,90.0,COAL,8.073402968986406
709795,12.0,0,COAL,16654.0,90.0,COAL,9.72046575062778
709796,12.0,0,MINES,3685.0,87.0,Other,8.212297138229768
709797,11.0,1,"HEALTH AND
FAMILY
WELFARE",2585.0,36.0,Other,7.857867559331803
709798,12.0,0,PETROLEUM,43367.0,60.0,PETROLEUM,10.677477120940175
709799,12.0,0,PETROLEUM,4460.0,46.0,PETROLEUM,8.403128235128264
709808,4.0,0,Oil & Gas,955.0,67.0,Oil & Gas,6.862757913051401
709809,1.0,0,Oil & Gas,836.0,47.0,Oil & Gas,6.729824070489475
709810,1.0,0,Oil & Gas,190.9,19.0,Oil & Gas,5.256974403013654
709811,12.0,0,POWER,189.93,60.0,POWER,5.251906868725373
709812,12.0,0,COAL,335.34,97.0,COAL,5.818122553094604
709813,12.0,0,COAL,437.21,60.0,COAL,6.082698247530828
709814,2.0,0,Oil & Gas,170.0,31.0,Oil & Gas,5.14166355650266
709815,1.0,1,POWER,177.03,48.0,POWER,5.181952075416771
709816,1.0,1,POWER,169.06,48.0,POWER,5.136151315957647
709817,1.0,1,POWER,169.06,48.0,POWER,5.136151315957647
709818,1.0,1,POWER,328.34,48.0,POWER,5.797090651789853
709819,1.0,1,POWER,167.64,48.0,POWER,5.127766265352998
709820,0.5,0,Electricity Generation,646.17,21.0,Other,6.472609011147056
709826,1.0,1,STEEL,2092.97,41.0,Other,7.64681706468029
709827,1.0,1,STEEL,282.44,40.0,Other,5.647000460557217
709829,3.0,0,Metals & Mining,1021.97,109.0,Other,6.930465440008429
709830,1.0,1,MINES,355.0,59.0,Other,5.87493073085203
709831,1.0,1,MINES,483.0,41.0,Other,6.182084906716632
709832,1.0,1,MINES,166.62,21.0,Other,5.1216995126707605
709838,1.0,1,COAL,621.4,34.0,COAL,6.433582972864182
709839,2.0,1,"HEALTH AND
FAMILY
WELFARE",4144.41,40.0,Other,8.329756977032337
709840,1.0,1,COAL,249.43,33.0,COAL,5.523179440356211
709841,1.0,1,COAL,173.03,48.0,COAL,5.159227698146083
709842,12.0,0,COAL,1487.41,55.0,COAL,7.305463715073923
709845,12.0,0,COAL,837.34,45.0,COAL,6.731423746120393
709846,1.0,1,"HEALTH AND
FAMILY
WELFARE",1219.48,18.0,Other,7.106999502971999
709847,9.0,1,"HEALTH AND
FAMILY
WELFARE",344.99,39.0,Other,5.846409872905957
709848,11.0,1,"HEALTH AND
FAMILY
WELFARE",2329.45,27.0,Other,7.7538166609591705
709849,2.0,1,"HEALTH AND
FAMILY
WELFARE",2379.84,23.0,Other,7.7752086455729055
709850,9.0,1,"HEALTH AND
FAMILY
WELFARE",198.7,32.0,Other,5.296816240421769
709851,12.0,0,"HEALTH AND
FAMILY
WELFARE",6183.79,47.0,Other,8.7298483311378
709856,2.0,1,"SHIPPING AND
PORTS",645.13,15.0,Other,6.471000721926966
709857,2.0,1,"SHIPPING AND
PORTS",24556.35,24.0,Other,10.10876647741676
709859,1.0,1,"TELECOMMUNI
CATIONS",248.2,41.0,Other,5.518255786913298
709864,1.0,1,"HEALTH AND
FAMILY
WELFARE",370.0,43.0,Other,5.916202062607435
709865,1.0,1,"HEALTH AND
FAMILY
WELFARE",293.5,28.0,Other,5.685279003091641
900808,1.0,1,PETROLEUM,3546.94,20.0,PETROLEUM,8.17412243235074
900872,0.5,0,Railways,177.0,48.0,Other,5.181783550292085
900874,9.0,0,Railways,588.18,60.0,Other,6.378731739681057
NMCG1,0.5,0,Waste & Water,578.89,100.0,Other,6.362838430381235
OCMS_060100093,0.5,0,"URBAN
DEVELOPMENT",11816.4,153.0,Other,9.377328300604933
OCMS_180100242,0.5,0,PETROLEUM,8692.97,80.0,PETROLEUM,9.070384960887159
OCMS_N04000073,0.5,0,CIVIL AVIATION,417.23,59.0,CIVIL AVIATION,6.036031520433107
OCMS_N04000074,0.5,0,CIVIL AVIATION,2467.0,44.0,CIVIL AVIATION,7.811163385025279
OCMS_N04000076,0.5,0,CIVIL AVIATION,303.8,41.0,CIVIL AVIATION,5.7196558238124915
OCMS_N04000077,0.5,0,CIVIL AVIATION,1383.0,39.0,CIVIL AVIATION,7.232733136177615
OCMS_N04000079,0.5,0,CIVIL AVIATION,475.39,49.0,CIVIL AVIATION,6.166236846496772
OCMS_N04000080,0.5,0,CIVIL AVIATION,458.0,50.0,CIVIL AVIATION,6.129050210060545
OCMS_N04000081,0.5,0,CIVIL AVIATION,389.71,34.0,CIVIL AVIATION,5.967965596819219
OCMS_N04000085,0.5,0,CIVIL AVIATION,456.86,26.0,CIVIL AVIATION,6.126563460529597
OCMS_N04000087,0.5,0,CIVIL AVIATION,412.24,60.0,CIVIL AVIATION,6.024028537981245
OCMS_N04000088,0.5,0,CIVIL AVIATION,1405.0,55.0,CIVIL AVIATION,7.2485040723706105
OCMS_N04000090,0.5,0,CIVIL AVIATION,380.87,33.0,CIVIL AVIATION,5.945080236550453
OCMS_N04000092,0.5,0,CIVIL AVIATION,645.63,42.0,CIVIL AVIATION,6.471774260750772
OCMS_N04000093,0.5,0,CIVIL AVIATION,353.25,30.0,CIVIL AVIATION,5.87000287857079
OCMS_N04000094,0.5,0,CIVIL AVIATION,242.14,21.0,CIVIL AVIATION,5.493637409127648
OCMS_N04000096,0.5,0,CIVIL AVIATION,255.68,42.0,CIVIL AVIATION,5.547830172882315
OCMS_N04000098,0.5,0,CIVIL AVIATION,446.12,22.0,CIVIL AVIATION,6.102827014961442
OCMS_N04000102,0.5,0,CIVIL AVIATION,185.75,18.0,CIVIL AVIATION,5.229770824012927
OCMS_N06000104,0.5,0,"URBAN
DEVELOPMENT",610.63,99.0,Other,6.41612752451967
OCMS_N06000161,0.5,0,COAL,413.84,60.0,COAL,6.027892903721534
OCMS_N06000198,0.5,0,"URBAN
DEVELOPMENT",278.64,46.0,Other,5.6335030616437844
OCMS_N06000210,0.5,0,COAL,489.62,88.0,COAL,6.195669897401941
OCMS_N07000001,0.5,0,FINANCE,228.5,45.0,Other,5.4359030295006
OCMS_N10000011,0.5,0,MINES,534.0,44.0,Other,6.282266746896006
OCMS_N10000017,0.5,0,MINES,225.79,42.0,Other,5.424024479170771
OCMS_N12000122,0.5,0,STEEL,377.18,30.0,Other,5.935370272753074
OCMS_N12000125,0.5,0,STEEL,970.18,40.0,Other,6.878511827012469
OCMS_N16000369,0.5,0,PETROLEUM,854.0,48.0,PETROLEUM,6.75110146893676
OCMS_N16000382,0.5,0,COAL,5251.0,42.0,COAL,8.566364235422688
OCMS_N16000411,0.5,0,COAL,1614.0,34.0,COAL,7.387090235656757
OCMS_N16000423,0.5,0,PETROLEUM,163.0,126.0,PETROLEUM,5.099866427824199
OCMS_N16000429,0.5,0,COAL,910.56,61.0,COAL,6.815157417514571
OCMS_N16000440,0.5,0,PETROLEUM,367.0,30.0,PETROLEUM,5.908082938168931
OCMS_N16000442,0.5,0,"HEALTH AND
FAMILY
WELFARE",1164.69,38.0,Other,7.0610684653524896
OCMS_N16000446,0.5,0,"HEALTH AND
FAMILY
WELFARE",378.0,25.0,Other,5.937536205082426
OCMS_N16000452,0.5,0,"HEALTH AND
FAMILY
WELFARE",423.39,22.0,Other,6.050652843785504
OCMS_N16000486,0.5,0,MINES,501.0,96.0,Other,6.218600119691729
OCMS_N16000499,0.5,0,"DEPARTMENT
OF HIGHER
EDUCATION",1932.0,66.0,"DEPARTMENT
OF HIGHER
EDUCATION",7.566828479208331
OCMS_N16000500,0.5,0,PETROLEUM,676.89,47.0,PETROLEUM,6.5189850328898515
OCMS_N16000507,0.5,0,"HEALTH AND
FAMILY
WELFARE",405.0,28.0,Other,6.0063531596017325
OCMS_N16000508,0.5,0,PETROLEUM,621.87,36.0,PETROLEUM,6.434337829276554
OCMS_N16000535,0.5,0,"DEPARTMENT
OF HIGHER
EDUCATION",193.0,36.0,"DEPARTMENT
OF HIGHER
EDUCATION",5.267858159063328
OCMS_N18000142,0.5,0,POWER,1527.0,61.0,POWER,7.331714969726466
OCMS_N18000177,0.5,0,PETROLEUM,16242.9,64.0,PETROLEUM,9.695472732668057
OCMS_N18000272,0.5,0,POWER,11089.42,54.0,POWER,9.313836951584006
OCMS_N18000295,0.5,0,COAL,842.27,18.0,COAL,6.73728719141917
OCMS_N18000319,0.5,0,COAL,937.8,18.0,COAL,6.844602463976869
OCMS_N18000328,0.5,0,PETROLEUM,318.12,38.0,PETROLEUM,5.765567207597151
OCMS_N18000330,0.5,0,PETROLEUM,288.71,33.0,PETROLEUM,5.668880422646936
OCMS_N18000331,0.5,0,PETROLEUM,359.47,19.0,PETROLEUM,5.887408735509094
OCMS_N18000332,0.5,0,PETROLEUM,1666.0,18.0,PETROLEUM,7.418780882750794
OCMS_N18000335,0.5,0,POWER,5491.89,25.0,POWER,8.611209807655124
OCMS_N18000343,0.5,0,PETROLEUM,307.87,36.0,PETROLEUM,5.732920476399523
OCMS_N18000345,0.5,0,COAL,1316.02,32.0,COAL,7.183126887656828
OCMS_N18000346,0.5,0,COAL,7179.54,24.0,COAL,8.87912986812787
OCMS_N18000347,0.5,0,COAL,2598.92,21.0,COAL,7.863235954305422
OCMS_N18000348,0.5,0,POWER,1530.49,21.0,POWER,7.333996396705316
OCMS_N18000349,0.5,0,COAL,1442.6,16.0,COAL,7.274895272768633
OCMS_N18000350,0.5,0,POWER,385.84,9.0,POWER,5.958011170848763
OCMS_N18000351,0.5,0,POWER,524.04,32.0,POWER,6.263474450165467
OCMS_N18000353,0.5,0,PETROLEUM,281.16,24.0,PETROLEUM,5.642474285927797
OCMS_N18000356,0.5,0,COAL,1433.28,18.0,COAL,7.268418260118725
OCMS_N18000357,0.5,0,COAL,922.3,21.0,COAL,6.827954208778582
OCMS_N18000358,0.5,0,COAL,815.12,24.0,COAL,6.704561402975548
OCMS_N18000359,0.5,0,COAL,966.79,21.0,COAL,6.875015121592464
OCMS_N18000360,0.5,0,COAL,1167.55,24.0,COAL,7.063518942965034
OCMS_N18000361,0.5,0,COAL,2820.99,24.0,COAL,7.945197588820371
OCMS_N18000365,0.5,0,COAL,6283.81,18.0,COAL,8.745890889859355
OCMS_N18000366,0.5,0,COAL,1095.01,20.0,COAL,6.999431591553928
OCMS_N18000368,0.5,0,COAL,1677.12,18.0,COAL,7.425429398176962
OCMS_N18000370,0.5,0,PETROLEUM,1553.0,50.0,PETROLEUM,7.348587530927593
OCMS_N18000376,0.5,0,COAL,2191.0,19.0,COAL,7.692569648067906
OCMS_N18000406,0.5,0,COAL,4100.45,47.0,COAL,8.319095848706544
OCMS_N18000418,0.5,0,COAL,4189.17,25.0,COAL,8.340496584885493
OCMS_N21000027,0.5,0,"HEALTH AND
FAMILY
WELFARE",875.0,48.0,Other,6.775366090936392
OCMS_N21000029,0.5,0,"DEPARTMENT
OF HIGHER
EDUCATION",1404.0,54.0,"DEPARTMENT
OF HIGHER
EDUCATION",7.247792581767846
OCMS_N22000087,0.5,0,PETROLEUM,2650.0,219.0,PETROLEUM,7.8826922062890254
OCMS_N22000100,0.5,0,RAILWAYS,6527.45,203.0,RAILWAYS,8.783924828091646
OCMS_N22000274,0.5,0,PETROLEUM,1053.23,203.0,PETROLEUM,6.960565921614376
OCMS_N22000349,0.5,0,PETROLEUM,2462.11,105.0,PETROLEUM,7.809180058105808
OCMS_N22000470,0.5,0,POWER,1177.96,104.0,POWER,7.072387972905007
OCMS_N22000485,0.5,0,POWER,1860.94,80.0,POWER,7.5293742339021446
OCMS_N22000504,0.5,0,COAL,692.26,92.0,COAL,6.541405109202525
OCMS_N22000510,0.5,0,POWER,393.83,80.0,POWER,5.978455292514342
OCMS_N22000511,0.5,0,POWER,955.0,60.0,POWER,6.862757913051401
OCMS_N22000515,0.5,0,POWER,836.12,49.0,POWER,6.729967429388725
OCMS_N22000518,0.5,0,POWER,278.96,101.0,POWER,5.634646735821339
OCMS_N22000519,0.5,0,POWER,190.9,60.0,POWER,5.256974403013654
OCMS_N22000522,0.5,0,POWER,183.0,96.0,POWER,5.214935757608986
OCMS_N22000525,0.5,0,POWER,199.96,60.0,POWER,5.303105883279834
OCMS_N22000526,0.5,0,PETROLEUM,496.47,112.0,PETROLEUM,6.209535253272901
OCMS_N22000528,0.5,0,PETROLEUM,234.0,60.0,PETROLEUM,5.459585514144159
OCMS_N22000533,0.5,0,COAL,152.44,34.0,COAL,5.033309611135128
OCMS_N22000537,0.5,0,COAL,354.99,38.0,COAL,5.874902640569862
OCMS_N22000547,0.5,0,COAL,309.81,39.0,COAL,5.739181793008062
OCMS_N22000548,0.5,0,COAL,296.54,39.0,COAL,5.695548669729098
OCMS_N22000555,0.5,0,"DEPARTMENT
OF HIGHER
EDUCATION",294.67,83.0,"DEPARTMENT
OF HIGHER
EDUCATION",5.689243967535078
OCMS_N22000556,0.5,0,"DEPARTMENT
OF HIGHER
EDUCATION",323.14,39.0,"DEPARTMENT
OF HIGHER
EDUCATION",5.781175521229973
OCMS_N22000566,0.5,0,POWER,950.0,53.0,POWER,6.85751406254539
OCMS_N22000568,0.5,0,RAILWAYS,359.6,48.0,RAILWAYS,5.887769310769217
OCMS_N22000570,0.5,0,PETROLEUM,745.0,60.0,PETROLEUM,6.61472560020376
OCMS_N22000571,0.5,0,POWER,209.75,48.0,POWER,5.350672596881965
OCMS_N22000589,0.5,0,RAILWAYS,235.0,54.0,RAILWAYS,5.4638318050256105
OCMS_N22000591,0.5,0,POWER,177.33,45.0,POWER,5.183635766464422
OCMS_N22000594,0.5,0,RAILWAYS,466.42,60.0,RAILWAYS,6.147228211090879
OCMS_N22000596,0.5,0,POWER,357.48,76.0,POWER,5.8818728704778875
OCMS_N22000599,0.5,0,PETROLEUM,8975.0,112.0,PETROLEUM,9.102309627762478
OCMS_N22000600,0.5,0,COAL,493.0,75.0,COAL,6.202535517187923
OCMS_N22000605,0.5,0,RAILWAYS,422.6,60.0,RAILWAYS,6.048789613727251
OCMS_N22000610,0.5,0,PETROLEUM,262.71,87.0,PETROLEUM,5.57485001452115
OCMS_N22000612,0.5,0,POWER,402.88,34.0,POWER,6.00111780413612
OCMS_N22000613,0.5,0,POWER,351.03,99.0,POWER,5.863716399239187
OCMS_N22000614,0.5,0,RAILWAYS,299.74,119.0,RAILWAYS,5.706246104094174
OCMS_N22000616,0.5,0,POWER,241.0,140.0,POWER,5.488937726156687
OCMS_N22000618,0.5,0,RAILWAYS,358.95,109.0,RAILWAYS,5.885965132915312
OCMS_N22000628,0.5,0,POWER,4874.58,91.0,POWER,8.491994350714034
OCMS_N22000630,0.5,0,POWER,350.46,38.0,POWER,5.8620959067667
OCMS_N22000632,0.5,0,POWER,935.19,36.0,POWER,6.841818447330606
OCMS_N24000165,0.5,0,PETROLEUM,671.3,30.0,PETROLEUM,6.510704669474991
OCMS_N24000245,0.5,0,RAILWAYS,270.0,26.0,RAILWAYS,5.602118820879701
OCMS_N24000247,0.5,0,RAILWAYS,295.47,28.0,RAILWAYS,5.691946032880246
OCMS_N24000248,0.5,0,RAILWAYS,153.21,22.0,RAILWAYS,5.038315309869565
OCMS_N24000334,0.5,0,POWER,165.67,8.0,POWER,5.116015809554085
OCMS_N24000463,0.5,0,POWER,1083.0,30.0,POWER,6.988413181999592
OCMS_N24000465,0.5,0,RAILWAYS,605.84,45.0,RAILWAYS,6.408265164879892
OCMS_N24000488,0.5,0,POWER,2136.97,36.0,POWER,7.667612059681118
OCMS_N24000531,0.5,0,PETROLEUM,319.68,33.0,PETROLEUM,5.770443741174751
OCMS_N24000560,0.5,0,POWER,591.66,40.0,POWER,6.3846208787485486
OCMS_N24000564,0.5,0,POWER,1408.0,52.0,POWER,7.25063551189868
OCMS_N24000576,0.5,0,PETROLEUM,178.85,3.0,PETROLEUM,5.192123170141633
OCMS_N24000578,0.5,0,PETROLEUM,553.3,3.0,PETROLEUM,6.3177060564257586
OCMS_N24000649,0.5,0,COAL,1251.11,47.0,COAL,7.132585407225551
OCMS_N24000683,0.5,0,POWER,180.57,81.0,POWER,5.201641254282576
OCMS_N24000688,0.5,0,RAILWAYS,429.52,77.0,RAILWAYS,6.064993780396097
OCMS_N24000697,0.5,0,RAILWAYS,1176.37,37.0,RAILWAYS,7.0710384163986415
OCMS_N24000736,0.5,0,POWER,686.65,32.0,POWER,6.533279987560717
OCMS_N24000742,0.5,0,RAILWAYS,403.36,32.0,RAILWAYS,6.0023055702858565
OCMS_N24000743,0.5,0,RAILWAYS,417.24,32.0,RAILWAYS,6.036055430435857
OCMS_N24000745,0.5,0,RAILWAYS,409.85,33.0,RAILWAYS,6.018228184377197
OCMS_N24000749,0.5,0,RAILWAYS,234.27,30.0,RAILWAYS,5.460733790792328
OCMS_N24000752,0.5,0,RAILWAYS,387.0,43.0,RAILWAYS,5.961005339623274
OCMS_N24000753,0.5,0,RAILWAYS,500.09,56.0,RAILWAYS,6.216785725669966
OCMS_N24000767,0.5,0,RAILWAYS,375.8,61.0,RAILWAYS,5.931714542702208
OCMS_N24000771,0.5,0,"DEPARTMENT
OF HIGHER
EDUCATION",553.51,53.0,"DEPARTMENT
OF HIGHER
EDUCATION",6.31808484089291
OCMS_N24000772,0.5,0,RAILWAYS,257.34,24.0,RAILWAYS,5.5542765468038695
OCMS_N24000773,0.5,0,RAILWAYS,200.34,24.0,RAILWAYS,5.304995021301277
OCMS_N24000774,0.5,0,RAILWAYS,248.22,24.0,RAILWAYS,5.518336040514722
OCMS_N24000776,0.5,0,RAILWAYS,232.81,24.0,RAILWAYS,5.454508819722947
OCMS_N24000777,0.5,0,RAILWAYS,283.51,24.0,RAILWAYS,5.650768402333546
OCMS_N24000778,0.5,0,RAILWAYS,266.52,24.0,RAILWAYS,5.589194329896337
OCMS_N24000798,0.5,0,POWER,2140.93,44.0,POWER,7.669462570735138
OCMS_N24000821,0.5,0,RAILWAYS,257.34,24.0,RAILWAYS,5.5542765468038695
OCMS_N24000851,0.5,0,POWER,1162.92,40.0,POWER,7.059548897407133
OCMS_N24000858,0.5,0,RAILWAYS,640.07,75.0,RAILWAYS,6.463138655326482
OCMS_N24000880,0.5,0,POWER,426.18,31.0,POWER,6.057205470070659
OCMS_N24000907,0.5,0,RAILWAYS,293.1,29.0,RAILWAYS,5.68391984555995
OCMS_N24000909,0.5,0,RAILWAYS,1069.59,24.0,RAILWAYS,6.975965177358961
OCMS_N24000910,0.5,0,RAILWAYS,170.57,32.0,RAILWAYS,5.144991346595335
OCMS_N24000912,0.5,0,POWER,287.7,6.0,POWER,5.665388086668889
OCMS_N24000914,0.5,0,POWER,223.5,20.0,POWER,5.413875707182309
OCMS_N24000917,0.5,0,POWER,199.16,5.0,POWER,5.299117046718601
OCMS_N24000925,0.5,0,COAL,400.76,25.0,COAL,5.995854895409275
OCMS_N24000931,0.5,0,"DEPARTMENT
OF HIGHER
EDUCATION",290.15,6.0,"DEPARTMENT
OF HIGHER
EDUCATION",5.673838598283129
OCMS_N24000980,0.5,0,RAILWAYS,298.32,28.0,RAILWAYS,5.701513235212158
OCMS_N24000982,0.5,0,RAILWAYS,244.54,28.0,RAILWAYS,5.503459866752694
OCMS_N24000984,0.5,0,RAILWAYS,283.0,35.0,RAILWAYS,5.648974238161206
OCMS_N24000986,0.5,0,RAILWAYS,300.0,28.0,RAILWAYS,5.707110264748875
OCMS_N24000990,0.5,0,RAILWAYS,294.13,21.0,RAILWAYS,5.687415937235904
OCMS_N24000993,0.5,0,RAILWAYS,322.81,30.0,RAILWAYS,5.780156924027929
OCMS_N24001013,0.5,0,POWER,391.06,29.0,POWER,5.971414889302278
OCMS_N24001017,0.5,0,POWER,228.89,29.0,POWER,5.4376009336504225
OCMS_N24001022,0.5,0,POWER,363.82,32.0,POWER,5.899404081258768
OCMS_N24001050,0.5,0,POWER,304.58,21.0,POWER,5.722211610124568
OCMS_N24001058,0.5,0,POWER,276.95,21.0,POWER,5.627441241399478
OCMS_N24001069,0.5,0,POWER,456.93,21.0,POWER,6.126716334005255
OCMS_N24001092,0.5,0,POWER,653.46,30.0,POWER,6.4838104681271025
OCMS_N24001099,0.5,0,POWER,488.6,30.0,POWER,6.193588731198116
OCMS_N24001114,0.5,0,POWER,1202.52,35.0,POWER,7.093005875281971
OCMS_N24001124,0.5,0,POWER,456.32,28.0,POWER,6.125383364673769
OCMS_N24001125,0.5,0,POWER,337.46,28.0,POWER,5.82440591697994
OCMS_N24001130,0.5,0,RAILWAYS,234.88,16.0,RAILWAYS,5.463323201132304
OCMS_N24001156,0.5,0,POWER,166.67,8.0,POWER,5.121997761949716
OCMS_N24001157,0.5,0,POWER,175.5,6.0,POWER,5.173320876373351
OCMS_N24001158,0.5,0,POWER,159.97,15.0,POWER,5.081218012218138
OCMS_N24001159,0.5,0,POWER,159.7,6.0,POWER,5.0795392727434665
OCMS_N24001160,0.5,0,POWER,191.6,13.0,POWER,5.260615499364025
OCMS_N24001161,0.5,0,POWER,297.3,13.0,POWER,5.698099691520703
OCMS_N24001162,0.5,0,POWER,325.86,7.0,POWER,5.789531944664912
OCMS_N24001164,0.5,0,POWER,396.96,5.0,POWER,5.9863514977211585
OCMS_N24001165,0.5,0,POWER,314.9,4.0,POWER,5.7554257078080395
OCMS_N24001166,0.5,0,POWER,159.12,10.0,POWER,5.075923534124373
OCMS_N24001172,0.5,0,POWER,291.49,7.0,POWER,5.678430478053299
OCMS_N24001173,0.5,0,POWER,157.32,27.0,POWER,5.064618301294311
OCMS_N24001216,0.5,0,PETROLEUM,196.0,57.0,PETROLEUM,5.2832037287379885
OCMS_N24001217,0.5,0,POWER,497.14,7.0,POWER,6.210881162014558
OCMS_N24001221,0.5,0,POWER,624.98,9.0,POWER,6.439318421707933
OCMS_N24001222,0.5,0,POWER,452.94,4.0,POWER,6.117965030717324
OCMS_N24001244,0.5,0,POWER,301.06,20.0,POWER,5.710625673138195
OCMS_N24001271,0.5,0,RAILWAYS,365.53,26.0,RAILWAYS,5.90408037336555
OCMS_N24001303,0.5,0,PETROLEUM,649.9,86.0,PETROLEUM,6.4783560205783415
OCMS_N24001309,0.5,0,PETROLEUM,159.13,19.0,PETROLEUM,5.075985985334385
OCMS_N24001317,0.5,0,PETROLEUM,201.99,19.0,PETROLEUM,5.313156716744676
OCMS_N24001322,0.5,0,RAILWAYS,183.31,20.0,RAILWAYS,5.216619122563531
OCMS_N24001325,0.5,0,RAILWAYS,262.84,32.0,RAILWAYS,5.575342858811289
OCMS_N24001343,0.5,0,"ROAD
TRANSPORT
AND
HIGHWAYS",384.23,22.0,Other,5.953840558511292
OCMS_N24001356,0.5,0,RAILWAYS,233.25,21.0,RAILWAYS,5.456388921118531
OCMS_N24001363,0.5,0,PETROLEUM,354.79,21.0,PETROLEUM,5.874340669159416
OCMS_N24001366,0.5,0,RAILWAYS,288.85,22.0,RAILWAYS,5.669363547785742
OCMS_N24001370,0.5,0,RAILWAYS,380.76,7.0,RAILWAYS,5.944792138909551
OCMS_N24001381,0.5,0,RAILWAYS,272.98,8.0,RAILWAYS,5.613055111023243
OCMS_N24001382,0.5,0,RAILWAYS,242.8,7.0,RAILWAYS,5.496348217047172
OCMS_N24001383,0.5,0,RAILWAYS,349.2,8.0,RAILWAYS,5.8585044198517515
OCMS_N24001387,0.5,0,POWER,264.34,8.0,POWER,5.58101202248877
OCMS_N24001388,0.5,0,POWER,423.15,9.0,POWER,6.050087166253744
OCMS_N24001397,0.5,0,POWER,431.28,25.0,POWER,6.0690735264349644
OCMS_N24001401,0.5,0,RAILWAYS,467.0,20.0,RAILWAYS,6.148468295917647
OCMS_N24001402,0.5,0,RAILWAYS,185.8,20.0,RAILWAYS,5.230038525794742
OCMS_N24001404,0.5,0,RAILWAYS,198.77,20.0,RAILWAYS,5.297166704790641
OCMS_N24001405,0.5,0,RAILWAYS,673.27,27.0,RAILWAYS,6.513630624167974
OCMS_N24001408,0.5,0,RAILWAYS,925.47,53.0,RAILWAYS,6.8313816652767265
OCMS_N24001424,0.5,0,POWER,185.09,30.0,POWER,5.226230427653136
OCMS_N24001426,0.5,0,POWER,317.9,7.0,POWER,5.764877574016012
OCMS_N24001427,0.5,0,COAL,166.21,34.0,COAL,5.119250507474578
OCMS_N24001439,0.5,0,RAILWAYS,467.41,21.0,RAILWAYS,6.149343980769794
OCMS_N24001448,0.5,0,POWER,223.35,3.0,POWER,5.413207332421992
OCMS_N24001453,0.5,0,RAILWAYS,579.63,28.0,RAILWAYS,6.364113720941144
OCMS_N24001455,0.5,0,RAILWAYS,191.33,6.0,RAILWAYS,5.259212646667276
OCMS_N24001456,0.5,0,POWER,199.39,46.0,POWER,5.300265467766052
OCMS_N24001464,0.5,0,POWER,264.86,29.0,POWER,5.582969854439453
OCMS_N24001467,0.5,0,RAILWAYS,226.44,35.0,RAILWAYS,5.426886467342745
OCMS_N24001468,0.5,0,POWER,282.07,3.0,POWER,5.645694216880635
OCMS_N24001472,0.5,0,POWER,811.19,27.0,POWER,6.699734302938037
OCMS_N24001480,0.5,0,POWER,227.06,30.0,POWER,5.429608752229212
OCMS_N24001488,0.5,0,POWER,618.45,24.0,POWER,6.428831987561748
OCMS_N24001503,0.5,0,POWER,667.66,24.0,POWER,6.505275709714339
OCMS_N24001505,0.5,0,POWER,1549.02,24.0,POWER,7.346023113055852
OCMS_N24001516,0.5,0,COAL,1185.69,41.0,COAL,7.078923197906002
OCMS_N24001523,0.5,0,POWER,836.24,31.0,POWER,6.730110767739146
OCMS_N24001524,0.5,0,POWER,990.28,31.0,POWER,6.898997037308238
OCMS_N24001525,0.5,0,RAILWAYS,169.08,36.0,RAILWAYS,5.1362689145936375
OCMS_N24001529,0.5,0,RAILWAYS,451.66,32.0,RAILWAYS,6.11514129180158
OCMS_N24001538,0.5,0,RAILWAYS,410.68,29.0,RAILWAYS,6.020246348533434
OCMS_N24001539,0.5,0,RAILWAYS,504.76,38.0,RAILWAYS,6.226062248467308
OCMS_N24001540,0.5,0,RAILWAYS,152.11,35.0,RAILWAYS,5.031156617317004
OCMS_N24001541,0.5,0,"DEPARTMENT
OF HIGHER
EDUCATION",283.5,31.0,"DEPARTMENT
OF HIGHER
EDUCATION",5.6507332535663855
OCMS_N24001542,0.5,0,PETROLEUM,456.88,35.0,PETROLEUM,6.126607141050275
OCMS_N24001553,0.5,0,RAILWAYS,1092.9,35.0,RAILWAYS,6.997504571125745
OCMS_N24001559,0.5,0,RAILWAYS,672.35,33.0,RAILWAYS,6.512265253896051
OCMS_N24001573,0.5,0,RAILWAYS,1658.06,37.0,RAILWAYS,7.414006455901737
OCMS_N24001594,0.5,0,PETROLEUM,534.73,35.0,PETROLEUM,6.283630302812263
OCMS_N24001610,0.5,0,POWER,1833.73,28.0,POWER,7.514652610698094
OCMS_N24001618,0.5,0,POWER,194.4,36.0,POWER,5.275048739608683
OCMS_N24001623,0.5,0,POWER,336.01,48.0,POWER,5.820112603502614
OCMS_N24001624,0.5,0,POWER,157.05,15.0,POWER,5.062911438661627
OCMS_N24001625,0.5,0,RAILWAYS,1227.57,36.0,RAILWAYS,7.113606170394912
OCMS_N24001636,0.5,0,RAILWAYS,1368.91,43.0,RAILWAYS,7.222500323233606
OCMS_N24001641,0.5,0,RAILWAYS,1641.75,43.0,RAILWAYS,7.4041269457779775
OCMS_N24001650,0.5,0,RAILWAYS,3635.64,37.0,RAILWAYS,8.198815457409848
OCMS_N24001654,0.5,0,RAILWAYS,2641.37,45.0,RAILWAYS,7.879431520696962
OCMS_N24001662,0.5,0,RAILWAYS,1981.07,48.0,RAILWAYS,7.591897032127019
OCMS_N24001663,0.5,0,RAILWAYS,3041.65,46.0,RAILWAYS,8.020484125207616
OCMS_N24001666,0.5,0,POWER,714.0,33.0,POWER,6.5722825426940075
OCMS_N24001670,0.5,0,POWER,593.0,37.0,POWER,6.386879319362645
OCMS_N24001671,0.5,0,POWER,925.0,37.0,POWER,6.8308742346461795
OCMS_N24001673,0.5,0,POWER,510.97,36.0,POWER,6.238266029572827
OCMS_N24001684,0.5,0,POWER,688.0,28.0,POWER,6.535241271013659
OCMS_N24001692,0.5,0,RAILWAYS,467.99,32.0,RAILWAYS,6.150581446257343
OCMS_N24001696,0.5,0,RAILWAYS,1291.37,54.0,RAILWAYS,7.164233021053256
OCMS_N24001698,0.5,0,PETROLEUM,1198.02,24.0,PETROLEUM,7.089259835455534
OCMS_N24001701,0.5,0,PETROLEUM,1769.5,24.0,PETROLEUM,7.4790172715519585
OCMS_N24001704,0.5,0,PETROLEUM,1020.84,36.0,PETROLEUM,6.929360202734522
OCMS_N24001705,0.5,0,PETROLEUM,1485.66,24.0,PETROLEUM,7.304287272031013
OCMS_N24001715,0.5,0,PETROLEUM,333.6,22.0,PETROLEUM,5.812935788552724
OCMS_N24001716,0.5,0,RAILWAYS,186.5,13.0,RAILWAYS,5.233778845410465
OCMS_N24001722,0.5,0,RAILWAYS,463.44,15.0,RAILWAYS,6.140832378758805
OCMS_N24001725,0.5,0,RAILWAYS,819.89,28.0,RAILWAYS,6.710389117528287
OCMS_N24001726,0.5,0,POWER,391.26,19.0,POWER,5.971924885233365
OCMS_N24001736,0.5,0,POWER,1159.96,31.0,POWER,7.057002528046662
OCMS_N24001737,0.5,0,POWER,923.15,29.0,POWER,6.82887439612869
OCMS_N24001739,0.5,0,POWER,1779.83,49.0,POWER,7.484834826740568
OCMS_N24001744,0.5,0,POWER,779.17,42.0,POWER,6.659511844654214
OCMS_N24001747,0.5,0,POWER,2193.23,54.0,POWER,7.693586466699003
OCMS_N24001748,0.5,0,POWER,2200.93,42.0,POWER,7.697089527494865
OCMS_N24001755,0.5,0,POWER,1936.68,41.0,POWER,7.569246660138071
OCMS_N24001770,0.5,0,POWER,417.51,25.0,POWER,6.036700784506657
OCMS_N24001775,0.5,0,POWER,808.31,35.0,POWER,6.696182032782663
OCMS_N24001779,0.5,0,RAILWAYS,2507.0,54.0,RAILWAYS,7.827240901752812
OCMS_N24001797,0.5,0,POWER,815.77,27.0,POWER,6.705357537478585
OCMS_N24001811,0.5,0,RAILWAYS,583.93,38.0,RAILWAYS,6.371492181952594
OCMS_N24001813,0.5,0,RAILWAYS,1692.05,38.0,RAILWAYS,7.434286915069745
OCMS_N24001817,0.5,0,"DEPARTMENT
OF HIGHER
EDUCATION",757.45,49.0,"DEPARTMENT
OF HIGHER
EDUCATION",6.631276877037681
OCMS_N24001822,0.5,0,"DEPARTMENT
OF HIGHER
EDUCATION",1075.27,46.0,"DEPARTMENT
OF HIGHER
EDUCATION",6.981256638612251
OCMS_N24001825,0.5,0,RAILWAYS,1894.96,39.0,RAILWAYS,7.547480585546007
OCMS_N24001828,0.5,0,RAILWAYS,221.03,34.0,RAILWAYS,5.402812507877485
OCMS_N24001829,0.5,0,RAILWAYS,172.15,25.0,RAILWAYS,5.154158270848431
OCMS_N24001832,0.5,0,RAILWAYS,458.59,28.0,RAILWAYS,6.130334787687412
OCMS_N24001833,0.5,0,POWER,198.28,32.0,POWER,5.294710870953925
OCMS_N24001855,0.5,0,RAILWAYS,192.93,52.0,RAILWAYS,5.26749726920815
OCMS_N24001857,0.5,0,POWER,414.24,42.0,POWER,6.028856666325044
OCMS_N24001863,0.5,0,POWER,154.05,39.0,POWER,5.043747645546458
OCMS_N24001864,0.5,0,POWER,154.49,43.0,POWER,5.046581420869725
OCMS_N24001868,0.5,0,RAILWAYS,187.65,41.0,RAILWAYS,5.23989344641032
OCMS_N24001880,0.5,0,POWER,778.18,40.0,POWER,6.658242084647783
OCMS_N24001885,0.5,0,POWER,414.81,22.0,POWER,6.030228425158765
OCMS_N24001886,0.5,0,POWER,304.68,22.0,POWER,5.722538803138645
OCMS_N24001890,0.5,0,POWER,261.82,22.0,POWER,5.571469387215492
OCMS_N24001891,0.5,0,POWER,256.54,28.0,POWER,5.551175047845637
OCMS_N24001892,0.5,0,POWER,245.61,22.0,POWER,5.50780814140846
OCMS_N24001896,0.5,0,POWER,224.44,22.0,POWER,5.4180540481503705
OCMS_N24001900,0.5,0,POWER,796.97,53.0,POWER,6.682071002758175
OCMS_N24001906,0.5,0,POWER,185.59,19.0,POWER,5.228913696409157
OCMS_N24001910,0.5,0,POWER,157.62,22.0,POWER,5.066511404655174
OCMS_N24001911,0.5,0,POWER,152.03,76.0,POWER,5.0306339806029445
OCMS_N24001920,0.5,0,POWER,218.57,42.0,POWER,5.391671088281245
OCMS_N24001924,0.5,0,PETROLEUM,514.22,41.0,PETROLEUM,6.244593993912448
OCMS_N24001929,0.5,0,POWER,697.66,45.0,POWER,6.549164214742565
OCMS_N24001932,0.5,0,"DEPARTMENT
OF HIGHER
EDUCATION",401.72,30.0,"DEPARTMENT
OF HIGHER
EDUCATION",5.998241531387006
OCMS_N24001935,0.5,0,"DEPARTMENT
OF HIGHER
EDUCATION",724.17,41.0,"DEPARTMENT
OF HIGHER
EDUCATION",6.58640611012651
OCMS_N24001936,0.5,0,POWER,344.79,24.0,POWER,5.845831654381072
OCMS_N24001939,0.5,0,"DEPARTMENT
OF HIGHER
EDUCATION",529.24,42.0,"DEPARTMENT
OF HIGHER
EDUCATION",6.273329734238198
OCMS_N24001943,0.5,0,POWER,172.98,18.0,POWER,5.158940350079394
OCMS_N24001945,0.5,0,POWER,170.34,18.0,POWER,5.143649886535898
OCMS_N24001946,0.5,0,POWER,218.93,24.0,POWER,5.393309313903605
OCMS_N24001947,0.5,0,POWER,177.94,24.0,POWER,5.18705055411945
OCMS_N24001952,0.5,0,"DEPARTMENT
OF HIGHER
EDUCATION",285.5,41.0,"DEPARTMENT
OF HIGHER
EDUCATION",5.6577385361547945
OCMS_N24001954,0.5,0,"DEPARTMENT
OF HIGHER
EDUCATION",568.12,34.0,"DEPARTMENT
OF HIGHER
EDUCATION",6.344091308200145
OCMS_N24001955,0.5,0,"DEPARTMENT
OF HIGHER
EDUCATION",317.22,38.0,"DEPARTMENT
OF HIGHER
EDUCATION",5.762742967479711
OCMS_N24001959,0.5,0,"DEPARTMENT
OF HIGHER
EDUCATION",839.98,42.0,"DEPARTMENT
OF HIGHER
EDUCATION",6.734567878477328
OCMS_N24001972,0.5,0,RAILWAYS,609.16,37.0,RAILWAYS,6.413721217855983
OCMS_N24001973,0.5,0,RAILWAYS,562.05,35.0,RAILWAYS,6.3333684341430345
OCMS_N24001975,0.5,0,RAILWAYS,523.78,41.0,RAILWAYS,6.262979127147586
OCMS_N24001982,0.5,0,"DEPARTMENT
OF HIGHER
EDUCATION",827.39,31.0,"DEPARTMENT
OF HIGHER
EDUCATION",6.719484057985507
OCMS_N24001987,0.5,0,"DEPARTMENT
OF HIGHER
EDUCATION",152.05,18.0,"DEPARTMENT
OF HIGHER
EDUCATION",5.0307646653914215
OCMS_N24001990,0.5,0,RAILWAYS,524.54,35.0,RAILWAYS,6.2644263054030525
OCMS_N24001991,0.5,0,RAILWAYS,314.31,28.0,RAILWAYS,5.7535562818742765
OCMS_N24001992,0.5,0,POWER,199.31,18.0,POWER,5.299866166537887
OCMS_N24001993,0.5,0,POWER,1589.0,34.0,POWER,7.371489295214277
OCMS_N24001996,0.5,0,POWER,640.18,44.0,POWER,6.463310228733024
OCMS_N24002000,0.5,0,RAILWAYS,317.19,40.0,RAILWAYS,5.7626486886342425
OCMS_N24002002,0.5,0,RAILWAYS,423.48,35.0,RAILWAYS,6.0508648903894295
OCMS_N24002006,0.5,0,RAILWAYS,186.71,68.0,RAILWAYS,5.2348982186783815
OCMS_N24002013,0.5,0,POWER,766.64,11.0,POWER,6.643320873250047
OCMS_N24002018,0.5,0,POWER,239.72,38.0,POWER,5.483634432321789
OCMS_N24002024,0.5,0,RAILWAYS,516.88,34.0,RAILWAYS,6.249743555190446
OCMS_N24002028,0.5,0,RAILWAYS,760.16,35.0,RAILWAYS,6.634843585433806
OCMS_N24002029,0.5,0,POWER,917.91,46.0,POWER,6.823188185024619
OCMS_N24002032,0.5,0,POWER,1156.72,48.0,POWER,7.054207832695181
OCMS_N24002034,0.5,0,COAL,1181.34,39.0,COAL,7.075250804657419
OCMS_N24002037,0.5,0,POWER,609.32,35.0,POWER,6.413983409781974
OCMS_N24002038,0.5,0,POWER,1691.45,33.0,POWER,7.433932462252565
OCMS_N24002039,0.5,0,POWER,1088.64,32.0,POWER,6.993602645440956
OCMS_N24002041,0.5,0,POWER,1491.71,37.0,POWER,7.308348538886533
OCMS_N24002069,0.5,0,POWER,209.29,29.0,POWER,5.348487530460613
OCMS_N24002072,0.5,0,POWER,150.21,39.0,POWER,5.0186695991245776
OCMS_N24002073,0.5,0,POWER,2068.99,48.0,POWER,7.635299055329871
OCMS_N24002078,0.5,0,POWER,711.0,24.0,POWER,6.568077911411976
OCMS_N24002088,0.5,0,POWER,1493.5,34.0,POWER,7.309546981723993
OCMS_N24002092,0.5,0,RAILWAYS,1801.37,55.0,RAILWAYS,7.496857744505479
OCMS_N24002103,0.5,0,"DEPARTMENT
OF HIGHER
EDUCATION",166.52,28.0,"DEPARTMENT
OF HIGHER
EDUCATION",5.121102747122227
OCMS_N24002107,0.5,0,RAILWAYS,1382.0,38.0,RAILWAYS,7.232010331664759
OCMS_N24002108,0.5,0,RAILWAYS,1618.96,38.0,RAILWAYS,7.3901567365635685
OCMS_N24002112,0.5,0,RAILWAYS,200.3,16.0,RAILWAYS,5.304796332645746
OCMS_N24002117,0.5,0,COAL,246.6,16.0,COAL,5.511814540810441
OCMS_N24002133,0.5,0,PETROLEUM,178.63,48.0,PETROLEUM,5.190899179780744
OCMS_N24002134,0.5,0,POWER,809.25,33.0,POWER,6.697342842021657
OCMS_N24002138,0.5,0,POWER,1141.67,51.0,POWER,7.041122908198164
OCMS_N24002139,0.5,0,"DEPARTMENT
OF HIGHER
EDUCATION",1318.57,33.0,"DEPARTMENT
OF HIGHER
EDUCATION",7.185061204934134
OCMS_N24002140,0.5,0,"DEPARTMENT
OF HIGHER
EDUCATION",629.73,32.0,"DEPARTMENT
OF HIGHER
EDUCATION",6.44687787873466
OCMS_N24002143,0.5,0,"DEPARTMENT
OF HIGHER
EDUCATION",361.24,30.0,"DEPARTMENT
OF HIGHER
EDUCATION",5.892306975574764
OCMS_N24002144,0.5,0,"DEPARTMENT
OF HIGHER
EDUCATION",1064.24,30.0,"DEPARTMENT
OF HIGHER
EDUCATION",6.970955404868229
OCMS_N24002146,0.5,0,"DEPARTMENT
OF HIGHER
EDUCATION",292.63,24.0,"DEPARTMENT
OF HIGHER
EDUCATION",5.682320471356869
OCMS_N24002149,0.5,0,"DEPARTMENT
OF HIGHER
EDUCATION",393.61,1.0,"DEPARTMENT
OF HIGHER
EDUCATION",5.97789793538601
OCMS_N24002151,0.5,0,RAILWAYS,257.14,22.0,RAILWAYS,5.553502073407041
OCMS_N24002152,0.5,0,RAILWAYS,274.84,8.0,RAILWAYS,5.619820987475328
OCMS_N24002153,0.5,0,RAILWAYS,169.68,11.0,RAILWAYS,5.1397904583197995
OCMS_N24002166,0.5,0,POWER,799.2,24.0,POWER,6.684861696423135
OCMS_N24002171,0.5,0,POWER,249.13,26.0,POWER,5.521980782709098
OCMS_N24002172,0.5,0,POWER,856.82,34.0,POWER,6.754394287269128
OCMS_N24002176,0.5,0,POWER,594.44,35.0,POWER,6.3893006280516556
OCMS_N24002184,0.5,0,POWER,410.83,36.0,POWER,6.020610642838686
OCMS_N24002186,0.5,0,POWER,166.58,18.0,POWER,5.121460849185141
OCMS_N24002187,0.5,0,POWER,313.56,24.0,POWER,5.751174836958802
OCMS_N24002188,0.5,0,POWER,445.62,24.0,POWER,6.101708121206741
OCMS_N24002189,0.5,0,POWER,196.05,18.0,POWER,5.283457503641013
OCMS_N24002190,0.5,0,RAILWAYS,983.0,41.0,RAILWAYS,6.891625897052253
OCMS_N24002191,0.5,0,POWER,155.87,113.0,POWER,5.055417436868149
OCMS_N24002192,0.5,0,RAILWAYS,815.69,42.0,RAILWAYS,6.705259585891079
OCMS_N24002195,0.5,0,PETROLEUM,495.16,51.0,PETROLEUM,6.206898455352139
OCMS_N24002196,0.5,0,PETROLEUM,179.86,49.0,PETROLEUM,5.197723251312334
OCMS_N24002200,0.5,0,POWER,355.36,24.0,POWER,5.875941455852443
OCMS_N24002203,0.5,0,RAILWAYS,268.98,69.0,RAILWAYS,5.598347882180681
OCMS_N24002207,0.5,0,RAILWAYS,371.8,14.0,RAILWAYS,5.921042082811436
OCMS_N24002208,0.5,0,RAILWAYS,207.54,91.0,RAILWAYS,5.340130869361447
OCMS_N24002209,0.5,0,RAILWAYS,183.47,93.0,RAILWAYS,5.217486848633488
OCMS_N24002210,0.5,0,POWER,1404.94,38.0,POWER,7.248461397206838
OCMS_N24002212,0.5,0,POWER,371.89,40.0,POWER,5.921283469984221
OCMS_N24002215,0.5,0,"DEPARTMENT
OF HIGHER
EDUCATION",1092.18,48.0,"DEPARTMENT
OF HIGHER
EDUCATION",6.996846158972545
OCMS_N24002216,0.5,0,RAILWAYS,1376.1,24.0,RAILWAYS,7.22773511773308
OCMS_N24002217,0.5,0,"DEPARTMENT
OF HIGHER
EDUCATION",1346.82,24.0,"DEPARTMENT
OF HIGHER
EDUCATION",7.206243751398904
OCMS_N24002219,0.5,0,POWER,882.45,31.0,POWER,6.783834697062659
OCMS_N24002220,0.5,0,PETROLEUM,410.75,47.0,PETROLEUM,6.02041636905775
OCMS_N24002221,0.5,0,PETROLEUM,2185.75,49.0,PETROLEUM,7.690171702299964
OCMS_N24002232,0.5,0,RAILWAYS,228.97,71.0,RAILWAYS,5.43794886563323
OCMS_N24002236,0.5,0,RAILWAYS,832.62,24.0,RAILWAYS,6.725777663033748
OCMS_N26000115,0.5,0,"SHIPPING AND
PORTS",239.6,12.0,Other,5.483135803540579
OCMS_N26000118,0.5,0,"SHIPPING AND
PORTS",810.99,18.0,Other,6.699488024814908
OCMS_N28000056,0.5,0,"TELECOMMUNI
CATIONS",38585.0,54.0,Other,10.560644795362919
OCMS_N28000067,0.5,0,"DEPARTMENT
OF HIGHER
EDUCATION",171.86,42.0,"DEPARTMENT
OF HIGHER
EDUCATION",5.152482018324492
OCMS_N28000071,0.5,0,HOME AFFAIRS,1219.21,72.0,Other,7.106778254061977
OCMS_N28000098,0.5,0,"HEALTH AND
FAMILY
WELFARE",209.84,41.0,Other,5.351099551987006
OCMS_N28000100,0.5,0,"DEPARTMENT
OF HIGHER
EDUCATION",496.18,16.0,"DEPARTMENT
OF HIGHER
EDUCATION",6.208952133566035
OCMS_N28000109,0.5,0,FINANCE,348.77,48.0,Other,5.85727579561331
OCMS_N28000117,0.5,0,"DEPARTMENT
OF HIGHER
EDUCATION",223.37,30.0,"DEPARTMENT
OF HIGHER
EDUCATION",5.413296474871686
OCMS_N28000128,0.5,0,"TELECOMMUNI
CATIONS",1180.0,57.0,Other,7.074116816197362
OCMS_N28000129,0.5,0,"TELECOMMUNI
CATIONS",1128.0,65.0,Other,7.029087564149662
OCMS_N28000131,0.5,0,"DEPARTMENT
OF HIGHER
EDUCATION",676.0,63.0,"DEPARTMENT
OF HIGHER
EDUCATION",6.517671272912275
OCMS_N28000141,0.5,0,"DEPARTMENT
OF HIGHER
EDUCATION",808.62,28.0,"DEPARTMENT
OF HIGHER
EDUCATION",6.696565001785386
OCMS_N28000147,0.5,0,HOME AFFAIRS,166.98,45.0,Other,5.123844924697481
OCMS_N28000149,0.5,0,"URBAN
DEVELOPMENT",299.97,16.0,Other,5.707010592007626
OCMS_N28000153,0.5,0,"TELECOMMUNI
CATIONS",646.52,34.0,Other,6.4731496811275555
OCMS_N28000156,0.5,0,"TELECOMMUNI
CATIONS",1536.72,89.0,Other,7.338056078875251
OCMS_N30000014,0.5,0,"WATER
RESOURCES",665.78,69.0,Other,6.50246015642561
OCMS_N30000021,0.5,0,"WATER
RESOURCES",231.79,35.0,Other,5.450136759608216
OCMS_N30000024,0.5,0,"WATER
RESOURCES",681.78,40.0,Other,6.52617269933722
OCMS_N30000032,0.5,0,"WATER
RESOURCES",198.43,45.0,Other,5.295463297565131
OCMS_N30000034,0.5,0,"WATER
RESOURCES",307.12,61.0,Other,5.730489317484765
OCMS_N30000036,0.5,0,"URBAN
DEVELOPMENT",294.02,43.0,Other,5.687043150651903
OCMS_N30000039,0.5,0,"URBAN
DEVELOPMENT",268.63,69.0,Other,5.597050648811833
OCMS_N30000044,0.5,0,"URBAN
DEVELOPMENT",277.42,50.0,Other,5.629130764960421
OCMS_N40000001,0.5,0,DPIIT,20084.0,186.0,Other,9.907728546793383
OCMS_N40000002,0.5,0,DPIIT,4773.0,25.0,Other,8.470939806898775
OCMS_N42000002,0.5,0,"DEPARTMENT
OF HIGHER
EDUCATION",303.9,27.0,"DEPARTMENT
OF HIGHER
EDUCATION",5.719983853994209
OCMS_N42000005,0.5,0,"DEPARTMENT
OF HIGHER
EDUCATION",655.34,16.0,"DEPARTMENT
OF HIGHER
EDUCATION",6.486678947359755
OCMS_N42000006,0.5,0,"DEPARTMENT
OF HIGHER
EDUCATION",851.0,32.0,"DEPARTMENT
OF HIGHER
EDUCATION",6.747586526829315
OCMS_N42000007,0.5,0,"DEPARTMENT
OF HIGHER
EDUCATION",588.72,36.0,"DEPARTMENT
OF HIGHER
EDUCATION",6.379647847981619
OCMS_N42000009,0.5,0,"DEPARTMENT
OF HIGHER
EDUCATION",375.0,24.0,"DEPARTMENT
OF HIGHER
EDUCATION",5.929589143389895
OCMS_N42000010,0.5,0,"DEPARTMENT
OF HIGHER
EDUCATION",316.25,30.0,"DEPARTMENT
OF HIGHER
EDUCATION",5.759690106594497
OCMS_N45000002,0.5,0,HOME AFFAIRS,277.35,37.0,Other,5.628879314629517
